cep,latitude,longitude,ano_2015,ano_2016,ano_2017,ano_2018,ano_2019,ano_2020,ano_2021,ano_2022,ano_2023,ano_2024,media,maximo,minimo,soma,tendencia,casos_previstos_2026,risco_2026
19910071,-22.99524803623932,-49.86919952959707,0,0,0,0,32,3,95,9,26,217,38.2,217,0,382,217,54.04053346405272,MUITO_ALTO
19919899,-22.981656167295355,-49.874888471603725,0,0,0,0,1,0,4,12,40,24,8.1,40,0,81,24,32.91330827953061,MUITO_ALTO
19906520,-22.980649251052498,-49.88900103591832,0,0,0,0,2,0,14,10,19,25,7.0,25,0,70,25,26.62225266972382,ALTO
19901560,-22.99359590827719,-49.8664092547757,0,0,0,1,23,1,14,27,23,29,11.8,29,0,118,29,26.02836945519084,ALTO
19904196,-23.009316680923977,-49.88193163473181,1,0,0,0,5,0,18,4,20,40,8.8,40,0,88,39,24.942313340652618,ALTO
19906000,-22.98573579325884,-49.87604399768509,0,0,0,5,12,0,2,6,41,20,8.6,41,0,86,20,23.96595820770017,ALTO
19915846,-22.967269772425844,-49.84987591773756,0,0,0,0,0,0,2,3,8,32,4.5,32,0,45,32,22.714895368269936,ALTO
19911080,-22.968350078859487,-49.87654023297286,1,0,1,0,10,0,0,2,15,29,5.8,29,0,58,28,21.87871555715537,ALTO
19904197,-23.010987616980906,-49.88167004045039,1,0,0,0,4,0,18,2,30,26,8.1,30,0,81,25,21.05477674798749,ALTO
19909010,-22.96980175337148,-49.902085815341565,0,0,0,0,0,0,0,1,11,25,3.7,25,0,37,25,21.010242787313476,ALTO
19904210,-23.01391044253704,-49.88289783375927,1,0,0,0,0,0,4,4,11,24,4.4,24,0,44,23,20.84613470523618,ALTO
19900000,-22.97210552474173,-49.861041596601055,1,0,0,5,17,1,10,12,22,16,8.4,22,0,84,15,20.74243788147578,ALTO
19915491,-22.961399604066603,-49.85037898081737,0,0,0,1,8,0,10,3,26,35,8.3,35,0,83,35,20.606161979114404,ALTO
19913090,-22.981948008764707,-49.84099911142511,0,0,0,0,13,0,3,4,12,26,5.8,26,0,58,26,20.52069958203356,ALTO
19915501,-22.95982920721473,-49.860278515667936,0,0,0,2,2,0,5,8,19,33,6.9,33,0,69,33,20.508238892187364,ALTO
19911200,-22.96599160021446,-49.881062056515525,0,0,0,0,2,0,0,0,19,38,5.9,38,0,59,38,19.93860858973494,ALTO
19904198,-23.01215324564086,-49.88220154001374,0,0,0,0,1,0,17,3,10,24,5.5,24,0,55,24,19.797027269145477,ALTO
19913320,-22.979378730538205,-49.85717914998026,0,0,0,0,5,0,6,4,10,20,4.5,20,0,45,20,19.666357214184245,ALTO
19911690,-22.97264979551306,-49.8710704181438,0,0,0,0,5,0,9,5,6,25,5.0,25,0,50,25,19.63406072436192,ALTO
19915500,-22.962111284614668,-49.8629615595349,0,0,0,2,5,0,2,4,13,40,6.6,40,0,66,40,19.62114328519237,ALTO
19915808,-22.95641404388889,-49.85332546850169,1,0,1,2,2,0,2,1,14,18,4.1,18,0,41,17,19.16618939035834,ALTO
19901225,-22.97701484752544,-49.87513156419211,0,0,0,0,8,0,3,6,3,18,3.8,18,0,38,18,19.083297129924176,ALTO
19915704,-22.95854587410422,-49.85243422053414,0,0,0,0,5,0,4,3,23,33,6.8,33,0,68,33,18.954632160399346,ALTO
19914330,-22.966550807125984,-49.858755621278526,0,0,0,0,6,0,7,13,12,30,6.8,30,0,68,30,18.853256229893304,ALTO
19914540,-22.9653890343315,-49.85447812977564,0,0,0,1,3,0,2,17,5,11,3.9,17,0,39,11,18.777309371398587,ALTO
19915320,-22.9543837676156,-49.87122279344087,0,0,0,0,1,0,3,4,9,31,4.8,31,0,48,31,18.5232198042213,ALTO
19911020,-22.973543419901315,-49.87374314024123,0,0,1,1,3,0,2,1,6,14,2.8,14,0,28,14,18.346592803187377,ALTO
19911831,-22.969125980612542,-49.87079278407715,0,0,0,4,11,2,21,1,7,48,9.4,48,0,94,48,18.33630016814277,ALTO
19911420,-22.96166396895364,-49.86976338873898,0,0,0,0,16,0,3,20,6,23,6.8,23,0,68,23,18.12185486627277,ALTO
19911771,-22.97216267649093,-49.86424674342854,0,0,1,1,3,0,14,3,8,17,4.7,17,0,47,17,18.03237462369725,ALTO
19910200,-22.965415657543804,-49.89238136562742,0,0,0,0,5,1,4,3,10,46,6.9,46,0,69,46,17.99885121033003,ALTO
19911622,-22.96786192588028,-49.866554768319,0,0,0,7,10,1,6,3,13,24,6.4,24,0,64,24,17.98148464402766,ALTO
19907210,-22.97343813711449,-49.87776976141279,0,0,0,4,7,1,5,2,17,51,8.7,51,0,87,51,17.96746603898646,ALTO
19915200,-22.9581118124256,-49.86727335398479,1,0,0,1,2,1,2,3,13,15,3.8,15,0,38,14,17.92804890737898,ALTO
19904225,-23.01579197916974,-49.88252500698064,1,0,0,0,3,0,6,5,12,22,4.9,22,0,49,21,17.911647814908065,ALTO
19915360,-22.952140290166668,-49.871610173583335,0,0,0,1,0,0,0,1,6,22,3.0,22,0,30,22,17.881305349779723,ALTO
19911210,-22.959706409281896,-49.88114339301994,0,0,0,1,4,2,0,5,9,23,4.4,23,0,44,23,17.82256045727263,ALTO
19908010,-22.97250104347703,-49.90399545016815,1,0,0,1,2,0,6,9,13,24,5.6,24,0,56,23,17.794032137215254,ALTO
19915006,-22.9630577454966,-49.86103290413605,0,0,0,1,2,0,1,4,2,19,2.9,19,0,29,19,17.69829414938431,ALTO
19914150,-22.972161418582385,-49.85550343551421,0,0,0,1,2,1,4,4,13,12,3.7,13,0,37,12,17.688074068864807,ALTO
19915330,-22.953485154536438,-49.86581858272054,0,0,0,3,1,0,5,8,6,18,4.1,18,0,41,18,17.548585936252493,ALTO
19915706,-22.959524346173907,-49.853911973352105,0,0,0,2,7,0,5,5,21,27,6.7,27,0,67,27,17.41536411398556,ALTO
19906510,-22.983115579292928,-49.88948623118687,0,0,0,0,2,0,5,4,14,12,3.7,14,0,37,12,17.414023105360684,ALTO
19909040,-22.970124185116685,-49.90087839765528,0,0,0,1,2,0,1,10,13,16,4.3,16,0,43,16,17.399995102627145,ALTO
19915110,-22.957965603867304,-49.86511042219334,0,0,0,0,2,0,1,3,17,14,3.7,17,0,37,14,17.360111872236303,ALTO
19909020,-22.968864210662392,-49.90330855170941,0,0,0,0,1,0,1,3,4,23,3.2,23,0,32,23,17.247277835822388,ALTO
19913130,-22.984486664439235,-49.850307909948064,1,0,0,0,3,0,10,2,8,12,3.6,12,0,36,11,17.10948294599075,ALTO
19915856,-22.9586531488,-49.82822797,0,0,0,0,3,0,2,3,5,16,2.9,16,0,29,16,17.095762318764173,ALTO
19900041,-22.97289706216929,-49.77679531221085,0,0,0,1,11,0,5,10,12,23,6.2,23,0,62,23,17.052538898249622,ALTO
19913240,-22.97985462788401,-49.85554750548987,2,0,0,1,21,0,1,7,12,23,6.7,23,0,67,21,16.98671961364016,ALTO
19904282,-22.99990507596084,-49.86694220584173,0,0,4,1,11,2,39,17,77,92,24.3,92,0,243,92,16.905671138199978,ALTO
19904150,-23.010068620899904,-49.8713372488807,0,0,0,0,6,0,13,1,24,25,6.9,25,0,69,25,16.89996141217125,ALTO
19911435,-22.96237803744386,-49.86566798019291,0,0,0,3,2,0,0,7,5,15,3.2,15,0,32,15,16.885412565694423,ALTO
19915510,-22.95856335447536,-49.86085137365665,0,0,0,0,3,0,4,7,8,27,4.9,27,0,49,27,16.791155299171805,ALTO
19914570,-22.964248313392854,-49.85204577745536,0,0,0,1,2,0,2,3,3,12,2.3,12,0,23,12,16.689926516883133,ALTO
19914560,-22.964864485606643,-49.85297048955293,0,0,1,0,6,1,3,8,6,20,4.5,20,0,45,20,16.675353535450995,ALTO
19904220,-23.014540094372293,-49.88290979230391,0,0,0,0,2,0,7,4,11,17,4.1,17,0,41,17,16.598477170453407,ALTO
19915489,-22.961219302412697,-49.84928521989322,0,0,0,1,3,0,4,5,6,20,3.9,20,0,39,20,16.549198940192582,ALTO
19915520,-22.957895793281317,-49.85982303352141,0,0,0,1,5,0,6,9,16,29,6.6,29,0,66,29,16.546645953669213,ALTO
19914550,-22.96491198247863,-49.8536473593661,0,0,0,0,2,0,4,11,1,13,3.1,13,0,31,13,16.531999545695726,ALTO
19905141,-22.97423317280684,-49.77566856929588,0,1,0,2,5,0,11,5,11,53,8.8,53,0,88,53,16.517862753389636,ALTO
19915105,-22.95773515437593,-49.86467173076274,0,0,0,3,5,0,3,4,21,20,5.6,21,0,56,20,16.503900709591107,ALTO
19911425,-22.961296307009377,-49.87226044231859,0,0,0,5,16,0,2,9,6,19,5.7,19,0,57,19,16.469178820290836,ALTO
19913210,-22.97923383329113,-49.85479800951824,0,0,0,1,4,0,0,5,8,22,4.0,22,0,40,22,16.376039089991536,ALTO
19915737,-22.952834482857146,-49.856543299047615,0,0,0,0,0,0,2,10,3,10,2.5,10,0,25,10,16.37000639000871,ALTO
19910090,-22.965070384450826,-49.88694643976406,0,1,0,0,4,1,4,8,12,59,8.9,59,0,89,59,16.355460942242644,ALTO
19905375,-22.998930422579363,-49.88409260429233,0,0,0,0,4,0,5,1,24,9,4.3,24,0,43,9,16.324306577414973,ALTO
19913140,-22.984507242454807,-49.8549013974041,0,0,0,0,6,0,10,10,8,8,4.2,10,0,42,8,16.316346423584037,ALTO
19910302,-22.966843316179848,-49.8774408935034,0,0,0,1,1,0,4,8,9,12,3.5,12,0,35,12,16.30739715776872,ALTO
19915350,-22.95303764710656,-49.86627249977642,1,0,0,0,2,0,3,6,1,18,3.1,18,0,31,17,16.28040019812761,ALTO
19915210,-22.95967832620254,-49.866616375560426,1,0,0,1,8,0,5,9,13,43,8.0,43,0,80,42,16.22568177350331,ALTO
19905152,-22.99755595140934,-49.8823659943842,1,0,0,0,5,3,9,3,15,6,4.2,15,0,42,5,16.183034384324856,ALTO
19915220,-22.955799694255248,-49.86849153087223,0,0,0,0,2,0,3,4,6,19,3.4,19,0,34,19,16.17055682488717,ALTO
19907475,-22.97352126780238,-49.883210041364734,0,0,1,7,3,0,14,12,13,17,6.7,17,0,67,17,16.06075474472891,ALTO
19910640,-22.966020944412225,-49.89586143176469,0,0,0,0,0,2,1,4,6,16,2.9,16,0,29,16,16.037070628168294,ALTO
19911728,-22.968844643166022,-49.85965771621604,0,0,0,0,5,0,15,1,6,10,3.7,15,0,37,10,16.035824418300763,ALTO
19905370,-22.99447697939758,-49.88384600188536,1,0,0,1,2,1,5,3,33,13,5.9,33,0,59,12,16.002417180105112,ALTO
19915300,-22.955819261157867,-49.86921600194093,0,0,0,0,6,0,2,3,15,17,4.3,17,0,43,17,15.980190050882811,ALTO
19915630,-22.95750954610191,-49.85875222359274,0,0,0,2,3,0,5,3,13,33,5.9,33,0,59,33,15.933662093040766,ALTO
19911060,-22.967708668180443,-49.874048013020094,2,0,0,2,8,1,3,5,15,31,6.7,31,0,67,29,15.932967808752435,ALTO
19911235,-22.96151316429805,-49.88054654967039,1,0,0,0,2,0,0,3,4,20,3.0,20,0,30,19,15.931629597653227,ALTO
19913410,-22.981490215906287,-49.85001962070983,0,0,0,2,2,0,2,1,23,15,4.5,23,0,45,15,15.881358360762531,ALTO
19904510,-23.01138609955267,-49.89529281056698,1,0,0,0,0,0,7,5,8,14,3.5,14,0,35,13,15.878172564436682,ALTO
19910580,-22.945019172930703,-49.88457618802398,0,0,0,3,5,0,2,5,1,19,3.5,19,0,35,19,15.823294440910104,ALTO
19901700,-22.992938637028573,-49.87244812425815,1,0,0,0,3,0,2,3,15,13,3.7,15,0,37,12,15.807635122204374,ALTO
19914500,-22.96485498241617,-49.856619986340974,0,0,0,1,3,1,2,9,6,10,3.2,10,0,32,10,15.721542657069222,ALTO
19915836,-22.952888505777786,-49.831291146666665,0,0,0,0,3,0,2,3,5,8,2.1,8,0,21,8,15.700625147910614,ALTO
19904260,-23.01494064230562,-49.88071671178228,0,0,1,0,0,1,6,1,18,24,5.1,24,0,51,24,15.663800310401712,ALTO
19911400,-22.959902382552777,-49.87222196362993,0,0,0,3,10,0,1,10,15,40,7.9,40,0,79,40,15.520949711455614,ALTO
19911430,-22.96114114040377,-49.87170027091065,2,0,0,2,4,0,3,12,10,20,5.3,20,0,53,18,15.510261075309243,ALTO
19904520,-23.00273823772896,-49.889670525998056,1,0,0,1,3,0,15,12,9,18,5.9,18,0,59,17,15.48968256165972,ALTO
19911270,-22.95616992296537,-49.8797324010235,0,0,0,1,4,1,0,2,9,18,3.5,18,0,35,18,15.46252306090173,ALTO
19915792,-22.957172012413796,-49.85064080413793,0,0,0,0,1,0,2,0,11,14,2.8,14,0,28,14,15.368566654280585,ALTO
19907236,-22.9725731356875,-49.878111893125,0,0,0,1,8,2,2,3,5,12,3.3,12,0,33,12,15.320417699003883,ALTO
19915640,-22.95652493541786,-49.85843983659805,0,0,0,0,7,0,1,7,8,13,3.6,13,0,36,13,15.303377416545118,ALTO
19911405,-22.961119809223,-49.873831412747606,0,0,1,0,9,0,4,12,9,22,5.7,22,0,57,22,15.286711773005663,ALTO
19915762,-22.95950927598856,-49.84996555187909,0,0,0,1,0,0,2,0,4,8,1.5,8,0,15,8,15.283793958275057,ALTO
19911215,-22.96089588267165,-49.88018591895902,0,0,0,2,7,0,0,2,0,16,2.7,16,0,27,16,15.25340549050452,ALTO
19915703,-22.9578966,-49.8532843,1,0,0,0,3,0,6,5,3,10,2.8,10,0,28,9,15.242365005571628,ALTO
19900050,-22.9778021045,-49.86946082633333,0,0,1,1,1,0,2,3,7,9,2.4,9,0,24,9,15.183576482093486,ALTO
19913260,-22.97775699231378,-49.85515729734024,0,0,0,1,4,0,2,7,3,16,3.3,16,0,33,16,15.143964117924044,ALTO
19904500,-23.010916185901028,-49.895787848634455,0,0,0,0,5,0,8,3,8,19,4.3,19,0,43,19,15.105906327531557,ALTO
19914520,-22.96511949182344,-49.855854570163046,0,0,0,3,5,1,1,12,3,16,4.1,16,0,41,16,15.091815103514818,ALTO
19904205,-23.013235426838865,-49.88332951502514,0,0,0,1,0,0,9,3,13,15,4.1,15,0,41,15,15.060742731555363,ALTO
19904235,-22.967110669799176,-49.91952762420424,0,0,0,0,3,1,2,1,17,20,4.4,20,0,44,20,15.02306639408198,ALTO
19915790,-22.919359248193057,-49.824847649054966,0,0,0,0,2,0,6,1,12,15,3.6,15,0,36,15,14.79623174254084,MEDIO
19915724,-22.95544146908854,-49.85526162498264,0,0,1,1,6,0,3,1,4,9,2.5,9,0,25,9,14.763153938518371,MEDIO
19914410,-22.96487735792405,-49.8599331421766,0,0,0,0,1,0,2,4,4,10,2.1,10,0,21,10,14.720153280846716,MEDIO
19904245,-23.01606693177896,-49.88153836653779,1,0,0,1,3,0,2,3,14,15,3.9,15,0,39,14,14.635294737374352,MEDIO
19915722,-22.955228113737963,-49.85775106645454,1,0,0,1,12,0,1,3,6,24,4.8,24,0,48,23,14.624110680750164,MEDIO
19902441,-22.992928242857143,-49.86157959107143,0,0,1,6,3,0,0,1,8,7,2.6,8,0,26,7,14.607524357692457,MEDIO
19907232,-22.97332632236058,-49.87767043525847,0,0,0,2,3,0,1,1,12,19,3.8,19,0,38,19,14.573995821112476,MEDIO
19905275,-22.993734466800035,-49.88372419546526,1,0,0,1,5,1,7,10,35,11,7.1,35,0,71,10,14.492775067752518,MEDIO
19910740,-22.959694417875617,-49.89352238601776,0,0,0,0,0,0,0,5,7,13,2.5,13,0,25,13,14.369935374188572,MEDIO
19911332,-22.957794479547516,-49.87415533691877,0,0,0,1,13,0,1,3,6,20,4.4,20,0,44,20,14.288669560432028,MEDIO
19906420,-22.981224999767274,-49.87925350289116,0,0,0,4,2,0,2,8,7,13,3.6,13,0,36,13,14.275950276409276,MEDIO
19901000,-22.988276632237557,-49.87451884598891,0,0,0,0,3,0,4,3,13,11,3.4,13,0,34,11,14.253869015185046,MEDIO
19914140,-22.96878367194621,-49.85790802092395,0,0,0,0,6,1,2,2,12,8,3.1,12,0,31,8,14.24895972309605,MEDIO
19913185,-22.977562762692457,-49.8497436940224,0,0,0,0,3,0,1,5,8,10,2.7,10,0,27,10,14.233737579270382,MEDIO
19913390,-22.98311802754884,-49.85137969313951,0,0,0,0,2,0,2,2,14,11,3.1,14,0,31,11,14.221785767716938,MEDIO
19914530,-22.965019059507256,-49.85543611617775,0,0,0,1,6,0,1,6,4,10,2.8,10,0,28,10,14.221368622362206,MEDIO
19915834,-22.9549969,-49.8517465,0,0,0,0,1,0,1,2,4,9,1.7,9,0,17,9,14.100507745133656,MEDIO
19910220,-22.96535541891514,-49.89339251448555,0,0,0,2,4,0,8,8,13,16,5.1,16,0,51,16,14.089767642421066,MEDIO
19913200,-22.977086087485045,-49.85248598921949,0,0,0,0,2,0,0,3,2,23,3.0,23,0,30,23,14.07807870920078,MEDIO
19911131,-22.95738881662716,-49.87684731004985,0,0,0,0,8,0,0,2,6,14,3.0,14,0,30,14,14.049224672555283,MEDIO
19910010,-22.967687551060607,-49.88459833502525,0,0,0,1,4,0,0,8,8,11,3.2,11,0,32,11,14.046929092088249,MEDIO
19915720,-22.953915082482997,-49.85818095718288,0,0,0,0,8,0,4,5,5,11,3.3,11,0,33,11,14.036565464717569,MEDIO
19904250,-23.01844445396825,-49.881799010731534,1,0,1,1,0,0,0,2,9,8,2.2,9,0,22,7,13.997456488788885,MEDIO
19913420,-22.979848759391427,-49.84988632087108,1,0,0,0,2,0,2,2,5,12,2.4,12,0,24,11,13.98953301688016,MEDIO
19915487,-22.96735999113778,-49.85917997583636,0,0,0,0,10,0,1,1,12,16,4.0,16,0,40,16,13.987542375289197,MEDIO
19915488,-22.9617605711144,-49.85067147746548,0,0,0,1,2,0,1,0,5,13,2.2,13,0,22,13,13.952518378653622,MEDIO
19910118,-22.96914027291667,-49.89527812916667,0,0,1,1,1,0,1,4,1,6,1.5,6,0,15,6,13.937102134477756,MEDIO
19911220,-22.961218665508465,-49.87915220520837,0,0,0,0,7,0,0,4,4,13,2.8,13,0,28,13,13.914134297410785,MEDIO
19913150,-22.983484556453423,-49.85474448817808,1,0,0,1,3,1,2,6,4,13,3.1,13,0,31,12,13.883749629123486,MEDIO
19911781,-22.97114150304679,-49.86537750069516,0,1,0,2,4,0,12,2,8,23,5.2,23,0,52,23,13.833152706676628,MEDIO
19914030,-22.97696844205643,-49.85022001734739,0,0,0,1,0,0,4,2,6,9,2.2,9,0,22,9,13.804919256166611,MEDIO
19911070,-22.96811908483481,-49.87390789825928,1,0,0,0,11,0,3,1,5,16,3.7,16,0,37,15,13.754405827930896,MEDIO
19915280,-22.950753081844688,-49.84003453434933,2,0,0,0,3,0,2,1,3,10,2.1,10,0,21,8,13.740512267810118,MEDIO
19910030,-22.964228124675323,-49.88441747867966,0,0,0,1,3,0,2,3,2,13,2.4,13,0,24,13,13.726967039816373,MEDIO
19915823,-22.957396,-49.8483312,0,0,0,1,0,0,4,1,7,13,2.6,13,0,26,13,13.672704256838188,MEDIO
19911415,-22.96088024372708,-49.87335977606826,0,0,0,1,14,0,5,11,4,17,5.2,17,0,52,17,13.660703947971342,MEDIO
19911245,-22.959790282285717,-49.879744256,0,0,1,0,1,0,0,0,1,7,1.0,7,0,10,7,13.62118463152001,MEDIO
19911295,-22.961667342609733,-49.87288123585799,0,0,0,0,8,0,6,10,8,15,4.7,15,0,47,15,13.59432612042292,MEDIO
19914325,-22.967787580595235,-49.85785859571429,0,0,0,0,1,0,0,2,3,8,1.4,8,0,14,8,13.566693179367576,MEDIO
19911640,-22.965525424040678,-49.86612186729332,0,0,0,0,2,0,7,2,4,11,2.6,11,0,26,11,13.557651309158246,MEDIO
19915848,-22.9540186,-49.8517205,0,0,0,1,1,0,2,1,7,10,2.2,10,0,22,10,13.553878262893704,MEDIO
19905101,-23.001211678271904,-49.8839369912564,0,0,0,0,5,0,3,3,19,5,3.5,19,0,35,5,13.548141460261832,MEDIO
19915030,-22.96446013911352,-49.83900447105287,0,0,0,0,5,0,6,0,8,7,2.6,8,0,26,7,13.54107054695487,MEDIO
19915798,-22.9573022,-49.8501938,0,1,0,0,0,0,1,1,4,7,1.4,7,0,14,7,13.538750659492509,MEDIO
19911205,-22.95922938573844,-49.88186426073435,0,0,0,0,1,0,2,3,3,8,1.7,8,0,17,8,13.522224230597203,MEDIO
19907200,-22.973010664043283,-49.87988623700681,0,0,0,2,8,0,3,4,7,20,4.4,20,0,44,20,13.519962144840974,MEDIO
19915115,-22.95851948906608,-49.86200794884029,0,0,0,2,2,0,3,1,12,16,3.6,16,0,36,16,13.472633869794665,MEDIO
19915493,-22.95933943253968,-49.84937975,0,0,0,0,0,0,0,0,6,8,1.4,8,0,14,8,13.468102561826528,MEDIO
19911230,-22.962807829734725,-49.87474454777036,0,0,0,2,8,0,3,3,6,34,5.6,34,0,56,34,13.443668401174364,MEDIO
19910075,-22.967232492444847,-49.88688436050793,0,0,0,0,7,0,7,5,8,16,4.3,16,0,43,16,13.415310624506674,MEDIO
19915003,-22.96382116815476,-49.86317325863095,0,0,0,0,0,1,2,2,3,7,1.5,7,0,15,7,13.40784619581973,MEDIO
19911331,-22.95834340722222,-49.87458636,0,0,0,0,2,0,1,8,8,7,2.6,8,0,26,7,13.379622399290383,MEDIO
19910230,-22.966511776906568,-49.893751966316735,0,0,0,0,1,1,0,12,8,6,2.8,12,0,28,6,13.365507968504971,MEDIO
19914211,-22.97045602839971,-49.85113181649783,0,0,0,0,11,0,3,2,3,11,3.0,11,0,30,11,13.349729241752357,MEDIO
19905320,-22.996192652176877,-49.88606960678004,0,0,0,1,0,0,2,7,14,6,3.0,14,0,30,6,13.344167444513005,MEDIO
19914430,-22.9664687078784,-49.85927339118352,0,0,0,1,4,0,1,7,3,13,2.9,13,0,29,13,13.34173547111277,MEDIO
19904130,-23.008620497136828,-49.88270785442223,0,0,0,1,6,0,12,5,19,18,6.1,19,0,61,18,13.266499591001775,MEDIO
19915852,-22.9545108,-49.8516578,0,0,0,0,2,0,5,1,4,15,2.7,15,0,27,15,13.259730959427545,MEDIO
19915729,-22.95336065902778,-49.85586036150793,0,0,0,0,4,1,0,2,8,9,2.4,9,0,24,9,13.238982098737324,MEDIO
19915005,-22.96295207658046,-49.861706636819925,0,0,0,0,0,0,4,3,4,8,1.9,8,0,19,8,13.21170967858052,MEDIO
19911124,-22.96032733968855,-49.87611193339226,0,0,0,0,1,0,1,1,3,13,1.9,13,0,19,13,13.210641190838942,MEDIO
19904140,-22.99964424977364,-49.87669739935424,2,1,1,0,13,0,19,5,26,27,9.4,27,0,94,25,13.195425662139314,MEDIO
19915260,-22.958176560291378,-49.86788796416084,0,0,0,0,2,0,1,1,0,16,2.0,16,0,20,16,13.104925128551258,MEDIO
19915310,-22.95491053812795,-49.87150350872629,0,0,1,0,6,0,4,5,11,43,7.0,43,0,70,43,13.060942463358517,MEDIO
19904240,-23.01736971292517,-49.8820951102466,0,0,0,1,2,0,4,7,16,8,3.8,16,0,38,8,13.058459302439587,MEDIO
19914440,-22.965193878789176,-49.85799789488604,0,0,0,0,6,0,1,2,5,11,2.5,11,0,25,11,13.054023676733776,MEDIO
19914175,-22.974835999097223,-49.85266490298611,0,0,0,0,2,0,2,3,2,13,2.2,13,0,22,13,13.04051897629688,MEDIO
19915170,-22.95930561033905,-49.84931305196511,1,0,1,2,5,0,11,4,24,37,8.5,37,0,85,36,13.01846994025982,MEDIO
19907020,-22.978599816020505,-49.877751142781854,0,0,0,2,2,0,12,10,11,7,4.4,12,0,44,7,12.979345097672194,MEDIO
19914160,-22.976444920765307,-49.85860271428572,0,0,0,1,4,0,1,4,9,9,2.8,9,0,28,9,12.94336047381512,MEDIO
19915270,-22.957101297619047,-49.86796384987013,0,0,0,0,1,0,0,3,4,8,1.6,8,0,16,8,12.894948299675889,MEDIO
19915580,-22.960661048397437,-49.85815318085898,0,0,0,0,3,0,5,0,3,25,3.6,25,0,36,25,12.879123011080084,MEDIO
19915600,-22.957208457954547,-49.85908367689394,0,0,0,0,0,0,0,4,0,12,1.6,12,0,16,12,12.86960033019568,MEDIO
19913440,-22.98180349482684,-49.84907865112554,0,0,0,0,3,0,0,3,13,7,2.6,13,0,26,7,12.817994445518709,MEDIO
19912330,-22.985116124464287,-49.8574230644246,0,0,0,0,3,0,4,6,10,9,3.2,10,0,32,9,12.814371726337413,MEDIO
19906030,-22.985152896275768,-49.874644222309,0,0,0,0,5,0,8,6,11,5,3.5,11,0,35,5,12.791410307465412,MEDIO
19915723,-22.957055552024297,-49.85768517783401,0,0,0,0,0,0,0,0,4,13,1.7,13,0,17,13,12.743774396809386,MEDIO
19911240,-22.960947224562936,-49.87995857805944,0,0,0,0,2,0,0,2,0,13,1.7,13,0,17,13,12.739714045390429,MEDIO
19915496,-22.961634784166662,-49.84759617916667,0,0,0,0,2,0,0,0,3,7,1.2,7,0,12,7,12.67890971396264,MEDIO
19913400,-22.98245600176748,-49.847190180406336,0,0,0,4,5,0,2,0,20,6,3.7,20,0,37,6,12.676149248924048,MEDIO
19914510,-22.964126948949577,-49.85592638876751,0,0,0,0,0,0,3,2,4,7,1.6,7,0,16,7,12.664826826949138,MEDIO
19913220,-22.9790715739648,-49.85787727799566,0,0,0,2,5,0,4,5,12,10,3.8,12,0,38,10,12.635249858409225,MEDIO
19915480,-22.959794775,-49.85206130694444,0,0,0,0,0,0,2,0,1,11,1.4,11,0,14,11,12.609786256471123,MEDIO
19915570,-22.958616081931037,-49.85904619275205,0,0,0,0,0,1,2,0,9,7,1.9,9,0,19,7,12.58918635016562,MEDIO
19911161,-22.964025806266967,-49.87703442198733,0,0,0,0,6,0,0,2,5,14,2.7,14,0,27,14,12.585316119490017,MEDIO
19915160,-22.96097684198039,-49.86392447303921,0,0,0,0,1,0,0,3,5,10,1.9,10,0,19,10,12.569843861441768,MEDIO
19915840,-22.9530162,-49.849653,0,0,0,0,0,0,4,1,7,13,2.5,13,0,25,13,12.546792544831987,MEDIO
19915130,-22.959431462745727,-49.86401394983975,0,0,0,1,0,0,0,1,3,10,1.5,10,0,15,10,12.540323607803655,MEDIO
19915733,-22.953250341666664,-49.85636917222222,0,0,0,1,1,0,0,1,3,8,1.4,8,0,14,8,12.532143093172635,MEDIO
19902445,-22.999024463491043,-49.83618768843406,0,0,0,2,4,0,0,6,12,9,3.3,12,0,33,9,12.475786279050226,MEDIO
19909030,-22.96825893016775,-49.903035149675325,0,0,0,0,0,1,2,2,4,14,2.3,14,0,23,14,12.46604540068074,MEDIO
19911731,-22.96823978153196,-49.86608237206297,2,0,0,2,1,0,7,2,6,9,2.9,9,0,29,7,12.46052332167892,MEDIO
19915610,-22.956799314700163,-49.860188502256,0,0,0,0,1,0,1,1,5,10,1.8,10,0,18,10,12.44674116960232,MEDIO
19904230,-23.016392022337666,-49.8827988004329,0,0,0,1,1,0,3,2,17,11,3.5,17,0,35,11,12.372074672020972,MEDIO
19911129,-22.95977806517021,-49.87845895215323,0,0,0,0,5,2,3,1,12,9,3.2,12,0,32,9,12.329209824063582,MEDIO
19912040,-22.97737900283801,-49.863112571079576,1,0,0,1,5,0,6,2,9,17,4.1,17,0,41,16,12.26590731664328,MEDIO
19911710,-22.96840876658897,-49.868730259199815,0,0,0,0,3,0,2,3,5,9,2.2,9,0,22,9,12.247554642948671,MEDIO
19911700,-22.9730280609789,-49.869785292857046,0,0,0,5,4,0,9,4,3,9,3.4,9,0,34,9,12.24745481442369,MEDIO
19910560,-22.945510467186143,-49.88581308,0,0,0,1,1,0,1,3,4,8,1.8,8,0,18,8,12.23556210751849,MEDIO
19911291,-22.95753264786445,-49.87808280707498,0,0,0,0,4,0,0,0,3,11,1.8,11,0,18,11,12.198777061777946,MEDIO
19914155,-22.97477953362573,-49.85416745840644,0,0,0,0,1,0,4,5,3,8,2.1,8,0,21,8,12.147440926557463,MEDIO
19914100,-22.97218134830247,-49.85206626216049,0,0,0,0,7,0,1,1,1,18,2.8,18,0,28,18,12.094865956969445,MEDIO
19915782,-22.954485398695653,-49.855590659178745,0,0,0,0,3,1,1,0,4,9,1.8,9,0,18,9,12.031562618103637,MEDIO
19905280,-22.993427870182188,-49.885845578592445,0,0,0,0,0,0,2,15,11,4,3.2,15,0,32,4,12.008695764998263,MEDIO
19911832,-22.967335541288037,-49.86906797582972,0,0,0,2,9,0,10,1,8,22,5.2,22,0,52,22,11.994872784300242,MEDIO
19904270,-23.01490929493464,-49.885610320547386,0,0,0,0,2,0,4,4,15,7,3.2,15,0,32,7,11.949740142088558,MEDIO
19904120,-23.00876470830991,-49.8839669372332,0,0,0,0,0,1,11,1,9,12,3.4,12,0,34,12,11.941915063071065,MEDIO
19909000,-22.96805642436338,-49.8959289951315,1,0,0,1,2,0,1,4,7,10,2.6,10,0,26,9,11.907473365246917,MEDIO
19915620,-22.95756241388889,-49.86394106111111,0,0,0,0,1,0,1,1,3,7,1.3,7,0,13,7,11.904346192277444,MEDIO
19904215,-23.014099966082828,-49.8824343348274,0,0,1,1,3,0,11,5,20,24,6.5,24,0,65,24,11.90405762923183,MEDIO
19902410,-22.994816203333333,-49.86144014571428,0,0,0,0,1,0,2,4,16,7,3.0,16,0,30,7,11.90025924546353,MEDIO
19915490,-22.964358740110097,-49.847644535399525,0,0,0,0,1,0,3,1,10,5,2.0,10,0,20,5,11.893527725964304,MEDIO
19914585,-22.96395221867244,-49.85551760489177,0,0,0,0,1,0,0,3,3,9,1.6,9,0,16,9,11.884283547893574,MEDIO
19914305,-22.967013766921298,-49.85861833026456,0,0,0,0,9,0,3,1,8,9,3.0,9,0,30,9,11.882403260657156,MEDIO
19914130,-22.96861124095238,-49.854766359047616,0,0,0,0,0,0,3,3,2,14,2.2,14,0,22,14,11.82244493377948,MEDIO
19901510,-22.99333614455668,-49.86847555630612,0,0,0,0,5,0,3,3,11,9,3.1,11,0,31,9,11.807990865476311,MEDIO
19911330,-22.958729950396823,-49.87462885615079,0,0,0,1,4,0,0,3,2,7,1.7,7,0,17,7,11.75574099233927,MEDIO
19910717,-22.961410528888887,-49.8957365081746,2,0,0,2,0,0,0,7,6,8,2.5,8,0,25,6,11.73955944825866,MEDIO
19910713,-22.96156638168728,-49.89405566746444,1,0,0,1,1,0,0,7,3,10,2.3,10,0,23,9,11.73483549197408,MEDIO
19915772,-22.927656329411764,-49.74182253921568,0,0,0,0,2,0,0,2,4,6,1.4,6,0,14,6,11.731049355126745,MEDIO
19911162,-22.963439073822343,-49.877736285395606,0,0,0,0,1,0,3,0,8,13,2.5,13,0,25,13,11.728310661099384,MEDIO
19915492,-22.959766375446428,-49.84925196436012,0,0,0,0,0,0,0,1,1,10,1.2,10,0,12,10,11.631740828328477,MEDIO
19914360,-22.96626476321825,-49.85469990198413,0,0,0,0,3,0,7,3,1,8,2.2,8,0,22,8,11.605473132156476,MEDIO
19915150,-22.95819102852772,-49.863435036340576,0,0,0,2,6,0,5,0,9,18,4.0,18,0,40,18,11.56263034499716,MEDIO
19915827,-22.96119642295051,-49.85046827714286,0,0,0,1,1,0,3,1,5,6,1.7,6,0,17,6,11.460717589769049,MEDIO
19915004,-22.96334049478355,-49.86215210929293,1,0,0,0,4,0,6,7,0,8,2.6,8,0,26,7,11.447472667467082,MEDIO
19903372,-22.709036097348484,-49.89317545113636,0,0,0,0,0,0,0,0,4,13,1.7,13,0,17,13,11.420677920576054,MEDIO
19913020,-22.986500324122805,-49.85415352105264,0,0,0,0,1,0,2,4,3,11,2.1,11,0,21,11,11.418475138692884,MEDIO
19915690,-22.96068666534986,-49.86251948785124,0,0,0,1,3,0,0,0,5,16,2.5,16,0,25,16,11.416487239133858,MEDIO
19906205,-22.983909842900328,-49.869888790461566,2,0,0,2,8,0,1,2,26,7,4.8,26,0,48,5,11.386025270934624,MEDIO
19913250,-22.976964508230253,-49.855721942098576,0,0,0,0,6,0,2,3,3,7,2.1,7,0,21,7,11.37894336784666,MEDIO
19915391,-22.95320153333333,-49.86923525071429,0,0,0,0,1,0,1,1,2,9,1.4,9,0,14,9,11.352100185751624,MEDIO
19911680,-22.97143729569838,-49.87059010912056,0,0,0,1,8,0,2,0,8,13,3.2,13,0,32,13,11.320959396107355,MEDIO
19913155,-22.98224813743421,-49.85450690838816,1,0,0,1,4,0,1,5,2,12,2.6,12,0,26,11,11.316578003781617,MEDIO
19911010,-22.97203195215976,-49.8716048821256,1,1,0,1,7,0,2,1,5,12,3.0,12,0,30,11,11.287944131458062,MEDIO
19915540,-22.95984456544217,-49.85915654091836,0,0,0,0,0,1,1,0,3,7,1.2,7,0,12,7,11.265657806105082,MEDIO
19905154,-22.99700951577736,-49.87286789108507,0,0,0,2,8,3,11,2,12,8,4.6,12,0,46,8,11.255484798748512,MEDIO
19915495,-22.962100418125,-49.847972700625,0,0,0,0,0,0,0,1,1,11,1.3,11,0,13,11,11.21461981493485,MEDIO
19911126,-22.95905586611111,-49.87754081444445,0,0,0,0,3,0,2,1,2,7,1.5,7,0,15,7,11.174889691748833,MEDIO
19913115,-22.981321260633493,-49.84764876093894,0,0,0,0,2,0,3,2,4,8,1.9,8,0,19,8,11.103106865070004,MEDIO
19907550,-22.967995364909093,-49.88454112978788,0,0,0,0,0,0,2,3,6,7,1.8,7,0,18,7,11.050524071528343,MEDIO
19911145,-22.96480528742284,-49.87767589753087,0,0,0,0,2,0,1,2,3,11,1.9,11,0,19,11,11.048974258570524,MEDIO
19904195,-23.0095842748916,-49.88127663155827,0,0,0,1,0,0,2,1,14,10,2.8,14,0,28,10,10.987857055020868,MEDIO
19908300,-22.979451104166667,-49.90637910694445,0,0,0,1,1,0,0,4,5,13,2.4,13,0,24,13,10.830355755644632,MEDIO
19911720,-22.974347953427756,-49.86193967330323,0,0,0,1,3,0,1,2,5,12,2.4,12,0,24,12,10.828778959912595,MEDIO
19911620,-22.966726479761903,-49.86893467083333,0,0,0,0,3,0,7,1,6,10,2.7,10,0,27,10,10.803682835488871,MEDIO
19905270,-22.99386498660373,-49.88416273012236,0,1,0,0,1,1,0,7,13,8,3.1,13,0,31,8,10.801831844742992,MEDIO
19910270,-22.96569019314286,-49.89743408685714,0,0,0,0,2,0,0,5,15,7,2.9,15,0,29,7,10.786678445554571,MEDIO
19907220,-22.973501300801587,-49.87809879799404,2,0,0,2,5,0,6,0,17,23,5.5,23,0,55,21,10.778338920223176,MEDIO
19910742,-22.960432442857144,-49.893458027028224,0,0,0,0,5,0,1,3,2,9,2.0,9,0,20,9,10.768914530803158,MEDIO
19915497,-22.96071820208333,-49.84747638333333,0,0,0,0,2,0,0,0,3,6,1.1,6,0,11,6,10.71551090922003,MEDIO
19910719,-22.960044282916662,-49.89433828174242,0,0,0,0,0,0,0,5,3,9,1.7,9,0,17,9,10.709974224002508,MEDIO
19914070,-22.97541848658804,-49.85660353346144,0,1,0,0,2,0,6,1,7,12,2.9,12,0,29,12,10.602929893335386,MEDIO
19914185,-22.974230457430554,-49.85200507114583,0,0,0,0,1,0,1,5,7,6,2.0,7,0,20,6,10.57757081361342,MEDIO
19906465,-22.979575133022028,-49.88307673188857,1,0,0,0,4,0,0,4,12,8,2.9,12,0,29,7,10.517589475624844,MEDIO
19905104,-23.000179006732957,-49.88328155666112,0,0,0,2,3,0,4,1,22,9,4.1,22,0,41,9,10.509263392435969,MEDIO
19915739,-22.956705703046214,-49.85560052830883,1,0,0,0,0,0,0,0,2,8,1.1,8,0,11,7,10.495413665985325,MEDIO
19911152,-22.960146517171715,-49.876176302272725,0,0,0,0,1,0,0,0,1,10,1.2,10,0,12,10,10.455143361839871,MEDIO
19910570,-22.94511612761905,-49.88516224571429,0,0,0,2,0,0,0,4,1,7,1.4,7,0,14,7,10.399146963178282,MEDIO
19914340,-22.96709896165413,-49.861020086330406,0,0,0,0,3,0,2,1,7,4,1.7,7,0,17,4,10.351739823147,MEDIO
19915060,-22.96241048478355,-49.86529538595238,0,0,0,2,1,0,0,1,1,8,1.3,8,0,13,8,10.331550453607631,MEDIO
19915822,-22.96731716818182,-49.863797571212125,0,0,0,0,0,0,0,0,4,9,1.3,9,0,13,9,10.317704919871176,MEDIO
19904603,-23.01091307612245,-49.88980530469388,0,0,0,1,2,1,2,2,5,8,2.1,8,0,21,8,10.300845554054831,MEDIO
19910500,-22.946177941969967,-49.8869684938114,0,0,0,0,0,0,1,1,1,10,1.3,10,0,13,10,10.291222824342183,MEDIO
19915820,-22.956916371895428,-49.85990796078431,0,0,0,0,1,0,1,1,5,6,1.4,6,0,14,6,10.272623478951571,MEDIO
19915392,-22.9573022,-49.8501938,0,0,0,0,1,0,0,0,1,8,1.0,8,0,10,8,10.265165573677224,MEDIO
19905310,-22.995082249031743,-49.88420906938096,0,0,0,0,0,0,2,9,9,6,2.6,9,0,26,6,10.245859161957924,MEDIO
19913050,-22.984096316712964,-49.853845630925925,0,0,0,0,3,0,5,6,10,6,3.0,10,0,30,6,10.16857599679497,MEDIO
19911760,-22.972000332222223,-49.86314749322222,0,0,0,1,0,0,2,0,4,7,1.4,7,0,14,7,10.124668547563488,MEDIO
19915007,-22.963081853,-49.860503639,2,0,0,0,1,0,0,0,4,9,1.6,9,0,16,7,10.068778908425884,MEDIO
19915695,-22.96037787518797,-49.86337790413534,0,0,0,1,3,0,2,2,2,6,1.6,6,0,16,6,10.034441064482962,MEDIO
19911726,-22.974318155097876,-49.814099832715264,0,0,0,0,3,0,7,1,4,9,2.4,9,0,24,9,10.004612276847183,MEDIO
19914165,-22.97434664164596,-49.853430495683234,0,0,0,0,1,0,0,2,9,6,1.8,9,0,18,6,9.94573815473268,MEDIO
19904602,-23.00963658662069,-49.88753656631364,0,0,0,0,0,0,1,4,5,14,2.4,14,0,24,14,9.93021481544747,MEDIO
19905265,-22.992889787275512,-49.88442806331293,0,0,0,1,5,0,2,2,13,5,2.8,13,0,28,5,9.926508164637198,MEDIO
19910540,-22.94690971,-49.886089770000005,0,0,0,0,0,0,0,5,2,7,1.4,7,0,14,7,9.897388843271983,MEDIO
19913460,-22.978289591097884,-49.85521232990741,0,0,0,0,2,0,0,3,8,7,2.0,8,0,20,7,9.849375062258332,MEDIO
19915680,-22.958054236939105,-49.84931205314102,0,0,0,0,0,0,2,0,2,6,1.0,6,0,10,6,9.71587419287971,MEDIO
19915700,-22.95693188541667,-49.85336971458334,0,0,0,0,0,0,0,2,4,4,1.0,4,0,10,4,9.69939013143994,MEDIO
19905000,-22.98960767878037,-49.87686808375121,0,0,0,2,5,0,2,4,15,4,3.2,15,0,32,4,9.67269666717766,MEDIO
19915080,-22.96287059827236,-49.8636766292683,0,0,0,1,1,0,0,1,15,5,2.3,15,0,23,5,9.66584640950714,MEDIO
19905111,-23.001997312022205,-49.883370079826015,1,0,0,0,3,0,1,1,19,5,3.0,19,0,30,4,9.658607269586357,MEDIO
19913330,-22.97874461435666,-49.854770282640494,1,0,0,0,3,2,0,2,3,10,2.1,10,0,21,9,9.65342660600436,MEDIO
19913180,-22.97780421126824,-49.85095455798541,0,0,0,0,2,0,2,2,6,5,1.7,6,0,17,5,9.65157301007821,MEDIO
19914420,-22.966079106250003,-49.859122392500005,0,0,0,0,2,0,1,1,8,6,1.8,8,0,18,6,9.61784510390862,MEDIO
19915821,-22.956427,-49.84821159999999,0,0,0,0,0,0,0,0,8,3,1.1,8,0,11,3,9.54440624099334,MEDIO
19915697,-22.95697964932773,-49.862945378039214,0,0,0,0,1,0,1,0,3,5,1.0,5,0,10,5,9.521220545966573,MEDIO
19915725,-22.95626543785104,-49.85617026741148,1,0,0,0,5,0,3,0,3,5,1.7,5,0,17,4,9.520357963037895,MEDIO
19912100,-22.97788399053968,-49.86171487795238,0,0,0,0,4,0,1,2,7,7,2.1,7,0,21,7,9.517106702987803,MEDIO
19915240,-22.95887357166667,-49.86807585833333,0,0,0,0,2,0,1,3,5,5,1.6,5,0,16,5,9.386049035449105,MEDIO
19910550,-22.945776866426467,-49.88616863199234,1,0,0,2,0,0,0,5,1,6,1.5,6,0,15,5,9.358676110900888,MEDIO
19914212,-22.969537547152377,-49.85381382904762,0,0,0,0,1,0,0,2,5,6,1.4,6,0,14,6,9.332728493282048,MEDIO
19913187,-22.977324385,-49.84948506071429,0,0,0,0,0,0,0,1,5,7,1.3,7,0,13,7,9.31030252308119,MEDIO
19914200,-22.9740209825,-49.85132298333333,0,0,0,0,0,0,0,3,3,5,1.1,5,0,11,5,9.24572817573062,MEDIO
19915590,-22.95795916111111,-49.85887491555555,0,0,0,0,1,0,1,2,2,6,1.2,6,0,12,6,9.229981777760258,MEDIO
19900043,-22.9824021687013,-49.86525729025974,0,0,0,0,1,1,1,6,6,9,2.4,9,0,24,9,9.197916236327728,MEDIO
19911040,-22.97098319369406,-49.87462997591896,1,0,0,1,1,0,5,1,4,11,2.4,11,0,24,10,9.188318154170702,MEDIO
19913182,-22.977194133,-49.8502786965,0,0,0,0,3,0,0,1,6,5,1.5,6,0,15,5,9.187659287052156,MEDIO
19910712,-22.962861233782053,-49.89683856121795,0,0,0,0,0,0,1,1,3,8,1.3,8,0,13,8,9.149636134468892,MEDIO
19908120,-22.975820950666662,-49.90646072228572,0,0,0,3,0,0,0,2,1,15,2.1,15,0,21,15,9.145975940562494,MEDIO
19914040,-22.974122485884354,-49.85727976588436,0,0,0,1,4,0,3,2,4,7,2.1,7,0,21,7,9.128746376423804,MEDIO
19913470,-22.978130516666667,-49.84883462222222,0,0,0,0,3,0,1,2,4,3,1.3,4,0,13,3,9.10678839661523,MEDIO
19901080,-22.974725896952943,-49.87423093216013,0,0,0,1,7,0,1,4,5,4,2.2,7,0,22,4,9.02825396980188,MEDIO
19910209,-22.965168827222225,-49.89196473444445,0,0,0,0,1,0,2,1,3,3,1.0,3,0,10,3,9.023610391259352,MEDIO
19907250,-22.97146358824515,-49.86943491243386,0,0,0,1,0,0,1,0,7,8,1.7,8,0,17,8,9.018338999827392,MEDIO
19915090,-22.962869775694443,-49.866150999768514,0,0,0,0,4,0,1,3,4,4,1.6,4,0,16,4,9.009892951154145,MEDIO
19911155,-22.961891250142852,-49.87661299207143,0,0,0,0,4,0,0,2,0,6,1.2,6,0,12,6,9.004937140763104,MEDIO
19901260,-22.99952284148149,-49.82201841279584,0,0,0,0,5,0,4,3,10,4,2.6,10,0,26,4,9.000903318650671,MEDIO
19911255,-22.957894931770834,-49.881134563541664,0,0,0,0,4,0,0,0,2,5,1.1,5,0,11,5,8.989479476842462,MEDIO
19913495,-22.980343723047618,-49.85386427809524,0,0,0,0,6,0,0,3,7,6,2.2,7,0,22,6,8.964387577310845,MEDIO
19911725,-22.971898215492065,-49.86601990126984,0,0,0,0,0,0,5,0,7,14,2.6,14,0,26,14,8.963899316884635,MEDIO
19905330,-22.99662165101382,-49.88109175046083,1,0,0,0,4,0,1,5,11,6,2.8,11,0,28,5,8.955505121870374,MEDIO
19915736,-22.9523254245,-49.855813417,0,0,0,0,1,0,0,0,2,6,0.9,6,0,9,6,8.929235065028479,MEDIO
19915560,-22.95934290923809,-49.85881360119047,1,0,0,0,0,0,4,1,1,8,1.5,8,0,15,7,8.89698000419412,MEDIO
19913070,-22.981542632952312,-49.85371320053881,1,0,0,0,7,0,0,2,1,8,1.9,8,0,19,7,8.86488627291692,MEDIO
19990000,-22.96116964503268,-49.85248156405229,0,0,0,0,2,0,3,2,6,2,1.5,6,0,15,2,8.815541066121114,MEDIO
19914050,-22.97397173243121,-49.856545059934334,0,0,0,0,0,0,5,1,3,12,2.1,12,0,21,12,8.800585628639965,MEDIO
19912410,-22.98695987943416,-49.85628474880659,0,0,0,0,1,0,4,7,4,7,2.3,7,0,23,7,8.79675945026247,MEDIO
19910303,-22.962915366666664,-49.89304402222223,0,0,0,0,0,1,1,1,3,7,1.3,7,0,13,7,8.751622426694667,MEDIO
19911610,-22.964692804084965,-49.86811583333334,0,0,0,0,4,0,1,1,3,4,1.3,4,0,13,4,8.751585225051713,MEDIO
19913493,-22.978054709444447,-49.85051104027778,0,0,0,0,0,0,0,4,3,5,1.2,5,0,12,5,8.740443369075365,MEDIO
19913450,-22.97967606828246,-49.84793682018925,0,0,0,1,5,0,2,0,6,3,1.7,6,0,17,3,8.705394019327287,MEDIO
19911100,-22.966811303333333,-49.871617111666666,0,0,0,0,3,0,4,0,5,5,1.7,5,0,17,5,8.640797823018147,MEDIO
19904193,-23.0070676375,-49.88047173392857,0,0,0,1,4,0,2,1,8,4,2.0,8,0,20,4,8.599098219301595,MEDIO
19906534,-22.9808256033088,-49.88278575763925,0,0,0,1,2,0,0,5,8,7,2.3,8,0,23,7,8.59574094270647,MEDIO
19907280,-22.973911141904765,-49.87604504901455,0,0,0,1,3,0,0,3,3,6,1.6,6,0,16,6,8.59491988489026,MEDIO
19911154,-22.964230623350694,-49.87452211675348,0,0,0,2,4,0,0,1,4,3,1.4,4,0,14,3,8.563335204014948,MEDIO
19911250,-22.95880072708333,-49.8805420275,0,0,0,0,0,0,0,2,4,6,1.2,6,0,12,6,8.534851317823268,MEDIO
19914081,-22.972334623194445,-49.85608803490741,0,0,0,0,3,0,1,5,4,6,1.9,6,0,19,6,8.530362519879418,MEDIO
19914300,-22.968204780804516,-49.86155434522557,0,0,0,0,8,0,1,0,2,4,1.5,8,0,15,4,8.527758614129198,MEDIO
19915727,-22.95465205625,-49.8561622,0,0,0,0,4,0,0,0,1,4,0.9,4,0,9,4,8.520485273822487,MEDIO
19911600,-22.963789159444445,-49.86888504277778,0,0,0,0,1,0,3,0,1,11,1.6,11,0,16,11,8.515778908564243,MEDIO
19910650,-22.968155709895832,-49.8963925221875,0,0,0,0,0,0,2,3,5,4,1.4,5,0,14,4,8.509207461371261,MEDIO
19911460,-22.96091418483333,-49.89537339705556,0,0,0,0,1,0,1,0,0,8,1.0,8,0,10,8,8.468850355224276,MEDIO
19900020,-22.99500056236928,-49.80574712679739,0,0,0,0,2,0,2,6,3,4,1.7,6,0,17,4,8.456338232448616,MEDIO
19905315,-22.99574518965053,-49.88614871626344,0,0,0,0,3,0,1,4,8,8,2.4,8,0,24,8,8.41297978554212,MEDIO
19910590,-22.944571980736526,-49.88456925390502,0,0,0,2,2,0,3,4,4,4,1.9,4,0,19,4,8.340844614052912,MEDIO
19907430,-22.97347756994048,-49.88141992767857,1,0,0,0,3,0,1,2,4,4,1.5,4,0,15,3,8.339336933508093,MEDIO
19907230,-22.97285422213564,-49.87716699774892,0,0,0,4,1,0,0,1,12,5,2.3,12,0,23,5,8.317856671104892,MEDIO
19907420,-22.97408308,-49.834432965625,0,0,0,1,1,1,0,0,2,5,1.0,5,0,10,5,8.304003489973184,MEDIO
19910520,-22.945268591666665,-49.88557621666666,0,0,0,1,0,0,2,2,1,3,0.9,3,0,9,3,8.300864056765931,MEDIO
19907540,-22.96918273333333,-49.88445244583334,0,0,0,1,1,0,3,5,2,7,1.9,7,0,19,7,8.296323926646437,MEDIO
19908030,-22.970302356809523,-49.90217524252381,0,0,0,0,0,0,1,2,8,9,2.0,9,0,20,9,8.275085601038882,MEDIO
19907395,-22.97018504265664,-49.87894401117794,0,0,0,0,1,0,0,3,3,8,1.5,8,0,15,8,8.27119811216835,MEDIO
19915085,-22.96080835733333,-49.86640640433333,0,0,0,0,5,0,1,0,4,3,1.3,5,0,13,3,8.264045822507796,MEDIO
19907400,-22.969760249256478,-49.88066981451964,1,0,0,1,0,0,1,0,0,8,1.1,8,0,11,7,8.255871172441402,MEDIO
19911150,-22.95624089330484,-49.87022607920229,0,0,0,0,1,0,1,1,1,6,1.0,6,0,10,6,8.250584724148212,MEDIO
19910115,-22.96700533428572,-49.81960082761905,0,0,0,0,0,0,0,0,7,3,1.0,7,0,10,3,8.2045324303308,MEDIO
19910000,-22.96888841761905,-49.88449267690476,0,0,0,2,4,0,1,2,3,4,1.6,4,0,16,4,8.166903674120476,MEDIO
19915641,-22.96277292,-49.857584625,0,0,0,1,0,0,1,2,0,4,0.8,4,0,8,4,8.102999800700672,MEDIO
19915494,-22.96304727611111,-49.84889447277778,0,0,0,0,5,0,1,1,0,4,1.1,5,0,11,4,8.101650311146841,MEDIO
19913480,-22.980716458854168,-49.84942987204861,0,0,0,0,0,0,0,1,4,10,1.5,10,0,15,10,8.096024160447996,MEDIO
19915165,-22.96117466937799,-49.86448738285486,0,0,0,0,0,0,1,0,3,4,0.8,4,0,8,4,8.09258147025048,MEDIO
19915180,-22.955050183333334,-49.864338241666665,0,0,0,2,0,0,0,0,2,4,0.8,4,0,8,4,8.077353169397611,MEDIO
19911630,-22.964626545,-49.86704082833334,0,0,0,0,3,0,3,0,2,7,1.5,7,0,15,7,8.06563733733492,MEDIO
19915002,-22.96395951358364,-49.86335311899675,0,0,0,2,4,0,1,2,2,4,1.5,4,0,15,4,8.051630638729875,MEDIO
19911117,-22.96678643813725,-49.87226051764706,0,0,0,0,4,0,1,0,4,3,1.2,4,0,12,3,8.044637413184319,MEDIO
19910050,-22.964463519882944,-49.8845901624582,0,0,0,0,1,0,2,4,0,4,1.1,4,0,11,4,8.032705359058127,MEDIO
19915728,-22.956911941666668,-49.855120508333336,0,0,0,0,0,0,2,1,1,4,0.8,4,0,8,4,8.006103687789619,MEDIO
19910047,-22.96420145833333,-49.88344352666667,0,1,0,0,0,0,1,2,2,6,1.2,6,0,12,6,7.999699873017562,MEDIO
19907500,-22.969834826000003,-49.886069662,0,0,0,0,0,0,1,2,3,9,1.5,9,0,15,9,7.98385585800861,MEDIO
19901520,-22.994154829951693,-49.86876458823326,0,0,0,1,2,0,2,1,10,6,2.2,10,0,22,6,7.979857124249975,MEDIO
19913550,-22.98025009,-49.82971946875,0,0,0,0,1,0,1,0,11,2,1.5,11,0,15,2,7.978452711247883,MEDIO
19900231,-22.98528403780104,-49.86223640341954,0,0,0,0,0,0,1,6,7,9,2.3,9,0,23,9,7.964193590043578,MEDIO
19915011,-22.96361926459649,-49.86265511521053,0,0,0,0,0,0,5,1,5,4,1.5,5,0,15,4,7.939840998144973,MEDIO
19911030,-22.971405737142856,-49.87443572666667,0,0,0,0,3,1,0,0,3,7,1.4,7,0,14,7,7.916605891135987,MEDIO
19905445,-23.00511078004877,-49.87544644736473,0,0,0,1,1,0,2,2,11,5,2.2,11,0,22,5,7.876788276682419,MEDIO
19915340,-22.95860093133333,-49.87301183666666,0,0,0,0,0,0,1,3,2,5,1.1,5,0,11,5,7.869213253454291,MEDIO
19911275,-22.963626503499786,-49.86687226840348,0,0,0,0,6,0,1,0,1,6,1.4,6,0,14,6,7.857760825871082,MEDIO
19911110,-22.967278458333336,-49.87208713214285,0,0,0,1,5,0,1,1,3,3,1.4,5,0,14,3,7.854767692084351,MEDIO
19911127,-22.95863752395833,-49.877883455208334,0,0,0,2,0,0,0,0,2,4,0.8,4,0,8,4,7.82945849560474,MEDIO
19915100,-22.962494833816965,-49.8656656688058,0,0,0,0,0,0,0,1,7,5,1.3,7,0,13,5,7.794219921908734,MEDIO
19905480,-23.006426026666663,-49.88568907333333,0,0,0,0,4,0,1,0,8,3,1.6,8,0,16,3,7.786352779277877,MEDIO
19911247,-22.958398051388887,-49.880650242592594,0,0,0,0,1,1,0,1,3,4,1.0,4,0,10,4,7.677577800013751,MEDIO
19901530,-22.995288291666668,-49.86816389751984,0,0,0,2,1,0,1,0,9,9,2.2,9,0,22,9,7.67517452769971,MEDIO
19911290,-22.956014106666668,-49.88039970083334,0,0,0,0,2,0,0,0,2,5,0.9,5,0,9,5,7.672416626353879,MEDIO
19907233,-22.971780440219295,-49.87585149004386,0,0,0,0,2,0,0,1,4,10,1.7,10,0,17,10,7.652887059070053,MEDIO
19913230,-22.97836092231316,-49.85859220942295,0,0,0,0,6,0,1,1,3,12,2.3,12,0,23,12,7.636879853220307,MEDIO
19907440,-22.971926979166668,-49.88177242222222,0,0,0,0,5,0,1,2,4,1,1.3,5,0,13,1,7.6164065442117135,MEDIO
19908020,-22.97213888015385,-49.90427176466667,0,0,0,0,1,0,1,2,7,3,1.4,7,0,14,3,7.593769783137759,MEDIO
19914590,-22.96302283777777,-49.85423333972222,0,0,0,1,4,0,1,5,0,2,1.3,5,0,13,2,7.583908353709376,MEDIO
19910260,-22.965527861298245,-49.896097318,0,0,0,1,0,0,3,0,5,9,1.8,9,0,18,9,7.560413883074943,MEDIO
19911115,-22.966034500637758,-49.87270253265306,0,0,0,0,1,0,4,0,0,7,1.2,7,0,12,7,7.557478557173454,MEDIO
19907180,-22.97553745866667,-49.880378748000005,0,0,0,0,7,0,3,0,6,6,2.2,7,0,22,6,7.544090298164519,MEDIO
19905020,-22.992979796369408,-49.87533858945165,0,0,0,1,5,0,5,2,14,4,3.1,14,0,31,4,7.524358831753489,MEDIO
19910252,-22.965042265,-49.89428440166667,0,0,0,0,0,0,4,1,5,3,1.3,5,0,13,3,7.515346747595686,MEDIO
19914400,-22.96608416953333,-49.86044436346667,0,0,0,0,0,1,4,0,5,5,1.5,5,0,15,5,7.507181418555774,MEDIO
19906290,-22.989177417857142,-49.88651871785714,0,0,0,1,1,0,2,1,2,4,1.1,4,0,11,4,7.501540656046018,MEDIO
19915550,-22.96109706385582,-49.85874525069444,0,0,0,0,0,0,0,1,6,4,1.1,6,0,11,4,7.480122027960533,MEDIO
19910065,-22.96311700177778,-49.88567448133333,0,0,0,0,1,0,1,1,1,7,1.1,7,0,11,7,7.474809451749024,MEDIO
19908110,-22.97542252986111,-49.90681883194444,0,0,0,2,0,0,4,5,4,4,1.9,5,0,19,4,7.434147218673388,MEDIO
19906497,-22.979873992380952,-49.88582835619047,0,0,0,1,1,0,1,2,5,3,1.3,5,0,13,3,7.411324258324385,MEDIO
19901090,-22.98957635656463,-49.85324298051021,1,0,0,0,4,0,1,1,5,3,1.5,5,0,15,2,7.402146703750986,MEDIO
19912090,-22.97715967404762,-49.86389040107143,0,0,0,2,2,0,0,3,4,4,1.5,4,0,15,4,7.390436903246154,MEDIO
19905102,-23.001800001447467,-49.88123278011282,0,0,0,1,2,0,4,1,16,10,3.4,16,0,34,10,7.323860059259459,MEDIO
19907010,-22.978857035716374,-49.87979747625732,0,0,0,0,1,0,2,5,3,5,1.6,5,0,16,5,7.321818290998635,MEDIO
19913489,-22.97846285,-49.85012895104167,0,0,0,0,3,0,1,0,0,9,1.3,9,0,13,9,7.316263051150599,MEDIO
19906495,-22.980743245510205,-49.88464121122449,1,0,0,0,1,0,2,2,8,5,1.9,8,0,19,4,7.280801168684775,MEDIO
19913160,-22.981842175034885,-49.85527483293651,0,0,0,0,2,0,1,1,3,10,1.7,10,0,17,10,7.2725131339539075,MEDIO
19915660,-22.953200992,-49.859683888,0,0,0,0,1,0,0,1,1,5,0.8,5,0,8,5,7.251466121828344,MEDIO
19915702,-22.957453332777774,-49.85420490166667,0,0,0,0,0,0,0,1,2,5,0.8,5,0,8,5,7.24311119025333,MEDIO
19903304,-22.998865934545456,-49.78608571136364,0,0,0,0,0,0,1,2,9,2,1.4,9,0,14,2,7.241884858724006,MEDIO
19911141,-22.9643921,-49.8766353,0,0,0,0,2,2,1,0,1,5,1.1,5,0,11,5,7.23765626173099,MEDIO
19913110,-22.987437090980396,-49.85375005583334,0,0,0,0,0,0,0,2,3,8,1.3,8,0,13,8,7.2310080226016,MEDIO
19911090,-22.969381654761907,-49.87626879071429,0,0,0,0,4,0,0,1,2,7,1.4,7,0,14,7,7.230297544811037,MEDIO
19907460,-22.97245610511111,-49.882717457984846,0,0,0,0,1,0,1,4,2,7,1.5,7,0,15,7,7.217534044364584,MEDIO
19907545,-22.968333113425928,-49.88424139814814,0,0,0,1,3,0,0,3,1,3,1.1,3,0,11,3,7.177069150230636,MEDIO
19907231,-22.97258083046856,-49.87518525904304,0,0,0,0,4,0,3,1,5,7,2.0,7,0,20,7,7.171927212250012,MEDIO
19911000,-22.97295362475,-49.87137702525,1,0,0,0,2,0,0,0,0,11,1.4,11,0,14,10,7.164659325222601,MEDIO
19900150,-22.95206702523148,-49.78613245532408,0,0,0,0,1,0,0,1,0,6,0.8,6,0,8,6,7.163665969092108,MEDIO
19904556,-22.744750148888887,-49.67264291333333,0,0,0,0,0,0,0,0,4,3,0.7,4,0,7,3,7.145788835621715,MEDIO
19914010,-22.9749247425,-49.85940935077778,0,0,0,2,1,0,1,0,0,4,0.8,4,0,8,4,7.125603799880992,MEDIO
19910660,-22.96851053047619,-49.89565675214286,0,0,0,0,0,0,1,3,7,4,1.5,7,0,15,4,7.103774424984295,MEDIO
19915682,-22.9554509125,-49.864389602500005,0,0,0,0,2,0,0,0,0,5,0.7,5,0,7,5,7.067663973311937,MEDIO
19911440,-22.962858729074075,-49.87246267481481,0,0,0,1,1,0,3,1,0,4,1.0,4,0,10,4,7.0605857031578125,MEDIO
19910070,-22.963012336666665,-49.886114045,0,0,0,0,0,0,1,3,3,3,1.0,3,0,10,3,7.027988612382615,MEDIO
19905260,-22.99248309481293,-49.88417914906462,1,0,0,0,1,0,2,2,4,7,1.7,7,0,17,6,7.004244770709192,MEDIO
19908100,-22.974784525,-49.90685865,0,0,0,2,1,0,0,2,4,0,0.9,4,0,9,0,6.990912840365127,MEDIO
19901734,-22.968593393416665,-49.90150222066666,1,0,0,0,0,0,0,3,10,4,1.8,10,0,18,3,6.979200855137606,MEDIO
19905430,-23.00386525190476,-49.87938014904762,0,0,0,2,1,0,2,1,1,4,1.1,4,0,11,4,6.973445939297562,MEDIO
19900002,-22.983306287507,-49.87064453243698,0,0,0,1,2,0,1,1,4,5,1.4,5,0,14,5,6.941905558878716,MEDIO
19905460,-23.003815551400105,-49.8656636128442,0,0,0,0,0,0,3,2,8,8,2.1,8,0,21,8,6.938336073282699,MEDIO
19915001,-22.964639307189543,-49.86374187712418,0,0,0,1,4,0,3,0,2,4,1.4,4,0,14,4,6.9126728739584,MEDIO
19910700,-22.968837698,-49.894313078,0,0,0,0,0,0,1,1,10,2,1.4,10,0,14,2,6.8934458522835484,MEDIO
19911791,-22.97411131579159,-49.85850234777984,0,0,0,1,4,0,4,2,6,6,2.3,6,0,23,6,6.891625908276183,MEDIO
19904639,-23.0175741,-49.8868503,0,0,0,0,0,0,1,2,6,9,1.8,9,0,18,9,6.869854956306881,MEDIO
19913175,-22.980953234090908,-49.85581015386364,0,0,0,0,4,1,1,0,2,6,1.4,6,0,14,6,6.816603768333152,MEDIO
19913116,-22.98422297590909,-49.85274315636364,0,0,0,0,0,0,1,1,4,7,1.3,7,0,13,7,6.798407654699986,MEDIO
19915731,-22.9538151,-49.8568864,0,0,0,0,1,0,0,0,4,3,0.8,4,0,8,3,6.790863564323445,MEDIO
19907240,-22.975839623174604,-49.87549519730158,1,0,0,1,0,0,0,1,4,6,1.3,6,0,13,5,6.773794639926564,MEDIO
19900030,-22.992050445604395,-49.79902709304029,0,0,0,0,1,1,1,2,5,3,1.3,5,0,13,3,6.732949975774318,MEDIO
19904716,-22.977217316666664,-49.85894332857143,0,0,0,0,0,0,0,0,3,8,1.1,8,0,11,8,6.700198570077191,MEDIO
19902360,-22.987061249107143,-49.868525,0,0,0,1,0,0,1,0,4,10,1.6,10,0,16,10,6.699928271060344,MEDIO
19911140,-22.96581138522644,-49.87003751360723,0,0,0,0,2,0,0,0,2,6,1.0,6,0,10,6,6.690687114234606,MEDIO
19914110,-22.970233916422927,-49.85866897949276,0,0,0,0,0,0,2,3,4,2,1.1,4,0,11,2,6.676799721601128,MEDIO
19915683,-22.95532820777778,-49.862971457777775,0,0,0,0,0,0,0,0,1,6,0.7,6,0,7,6,6.654941415303256,MEDIO
19915385,-22.95183415719697,-49.87242225340909,0,0,0,0,0,0,4,0,3,3,1.0,4,0,10,3,6.628765955718336,MEDIO
19901130,-22.9925657829191,-49.87432890246101,0,0,0,0,3,0,2,4,9,1,1.9,9,0,19,1,6.619745217329182,MEDIO
19913451,-22.98002149583333,-49.84847474666667,0,0,0,0,1,0,0,0,2,8,1.1,8,0,11,8,6.60753423719143,MEDIO
19911724,-22.97185643615036,-49.86553238449275,0,0,0,0,6,0,0,0,4,5,1.5,6,0,15,5,6.593081195094783,MEDIO
19904630,-22.968142941666667,-49.90207298333333,0,0,0,0,0,0,1,2,4,2,0.9,4,0,9,2,6.575222086072245,MEDIO
19902420,-22.99552165257576,-49.86235096520202,0,0,0,1,0,0,1,2,5,4,1.3,5,0,13,4,6.564678472741434,MEDIO
19904622,-23.0171002299359,-49.88561425147436,0,0,0,0,1,0,0,3,6,7,1.7,7,0,17,7,6.563234659881346,MEDIO
19911615,-22.965742528333333,-49.87012100333334,0,0,0,0,2,0,1,1,5,2,1.1,5,0,11,2,6.516826562249662,MEDIO
19904575,-23.013733895,-49.89788164,0,0,0,0,0,0,8,1,5,3,1.7,8,0,17,3,6.512192668684293,MEDIO
19913570,-22.982233682222223,-49.85147189777778,0,0,0,0,0,0,1,1,5,4,1.1,5,0,11,4,6.462525130989889,MEDIO
19900270,-22.97288414,-49.86840778166667,0,0,0,0,3,0,0,1,5,3,1.2,5,0,12,3,6.462144677874676,MEDIO
19904300,-22.998905693005952,-49.87913718802083,0,0,0,1,2,0,1,2,10,3,1.9,10,0,19,3,6.452635450286834,MEDIO
19913100,-22.987665081666663,-49.85307486166667,0,0,0,0,3,0,1,6,4,2,1.6,6,0,16,2,6.397081811017415,MEDIO
19904265,-23.01308078607134,-49.88374319281655,0,0,0,0,0,1,6,1,8,6,2.2,8,0,22,6,6.397038627823349,MEDIO
19912130,-22.97987905892857,-49.86007307083333,0,0,0,0,2,0,1,2,1,7,1.3,7,0,13,7,6.394002971341251,MEDIO
19906425,-22.981612378478665,-49.88104006834261,1,0,0,0,2,0,6,7,6,5,2.7,7,0,27,4,6.388212517864304,MEDIO
19907560,-22.96834661666667,-49.886003556944445,0,0,0,0,2,0,1,2,3,3,1.1,3,0,11,3,6.3828544339176005,MEDIO
19911225,-22.961445475,-49.87823609583334,0,0,0,0,3,0,0,1,2,1,0.7,3,0,7,1,6.369006218135837,MEDIO
19905150,-22.99568998838352,-49.87975096894796,0,0,0,0,4,0,1,0,6,2,1.3,6,0,13,2,6.346481645216045,MEDIO
19905455,-23.00285684416667,-49.8843459239394,0,0,0,1,1,0,0,2,4,6,1.4,6,0,14,6,6.274693724706594,MEDIO
19915070,-22.962026732,-49.863721348,0,0,0,0,1,0,0,1,1,5,0.8,5,0,8,5,6.256071351335777,MEDIO
19902640,-22.99803644146825,-49.86466504970238,0,0,0,0,1,1,3,0,9,8,2.2,9,0,22,8,6.243557672925817,MEDIO
19915040,-22.964336731,-49.86189508,0,0,0,1,0,0,1,0,2,2,0.6,2,0,6,2,6.234778326180276,MEDIO
19911078,-22.96705808333333,-49.8769502,0,0,0,0,2,1,1,0,2,4,1.0,4,0,10,4,6.20062679153034,MEDIO
19907470,-22.97204073619048,-49.884821384206354,0,0,0,1,0,0,3,2,7,2,1.5,7,0,15,2,6.198494990070685,MEDIO
19913556,-22.9809822,-49.8456178,0,0,0,0,0,0,0,2,2,5,0.9,5,0,9,5,6.17365217106817,MEDIO
19909050,-22.96722302863636,-49.90405114863636,0,0,0,0,0,0,3,1,4,2,1.0,4,0,10,2,6.144430144171565,MEDIO
19904623,-23.0170532,-49.8854851,0,0,0,0,1,1,0,1,3,7,1.3,7,0,13,7,6.140219758584863,MEDIO
19905145,-22.995090654545454,-49.87920884936869,0,0,0,0,3,0,4,1,6,3,1.7,6,0,17,3,6.139429443826884,MEDIO
19915832,-22.9520803,-49.8544195,0,0,0,0,0,0,0,0,1,4,0.5,4,0,5,4,6.135540189467065,MEDIO
19914580,-22.967090866666663,-49.854528375,0,0,0,0,0,0,0,1,2,4,0.7,4,0,7,4,6.1162875426653045,MEDIO
19907570,-22.97327823333333,-49.891785766666665,0,0,0,1,0,0,2,0,0,2,0.5,2,0,5,2,6.097864068816307,MEDIO
19905500,-23.00085462,-49.88522226166667,0,0,0,0,5,0,0,1,7,2,1.5,7,0,15,2,6.094212363850602,MEDIO
19907380,-22.972563180134724,-49.876469768487496,0,0,0,2,1,1,3,1,1,7,1.6,7,0,16,7,6.093787953555875,MEDIO
19901020,-22.98878021933333,-49.86863808505882,0,0,0,0,0,0,2,1,10,3,1.6,10,0,16,3,6.092592431405137,MEDIO
19904200,-22.98813272961242,-49.87715470282341,0,0,0,1,2,0,8,1,4,5,2.1,8,0,21,5,6.082504031035569,MEDIO
19905360,-22.998617222222222,-49.88500226222222,0,0,0,0,1,0,1,2,17,5,2.6,17,0,26,5,6.082229489735255,MEDIO
19915735,-22.952815222222224,-49.85629635,0,0,0,0,0,0,2,0,0,3,0.5,3,0,5,3,6.070195471839725,MEDIO
19915796,-22.9778384825,-49.87308815041666,0,0,0,0,0,0,2,0,1,10,1.3,10,0,13,10,6.0689278183854185,MEDIO
19913000,-22.9837059414902,-49.85630374768628,0,0,0,0,0,0,1,9,2,5,1.7,9,0,17,5,6.054128821233462,MEDIO
19913005,-22.984152551126986,-49.85533662271428,0,0,0,0,2,0,4,7,3,4,2.0,7,0,20,4,6.03964737651404,MEDIO
19910610,-22.972312785539685,-49.882669427654754,0,0,0,0,1,1,0,5,9,2,1.8,9,0,18,2,6.026193140081887,MEDIO
19911790,-22.972361318472224,-49.86624162697917,0,0,0,1,0,0,6,0,0,4,1.1,6,0,11,4,5.993385935018523,MEDIO
19905151,-22.978844308106577,-49.84061593358844,0,0,0,0,1,1,3,1,4,2,1.2,4,0,12,2,5.962527007015524,MEDIO
19906543,-22.98731760106209,-49.89290474493464,0,0,0,0,1,0,2,3,3,3,1.2,3,0,12,3,5.934505855366297,MEDIO
19905475,-23.004282924695705,-49.884577057682975,0,0,0,1,0,0,1,0,8,3,1.3,8,0,13,3,5.92338853471847,MEDIO
19915740,-22.96490696875,-49.853855475,0,0,0,0,0,0,1,0,1,4,0.6,4,0,6,4,5.922799850975025,MEDIO
19904638,-23.0173963,-49.886389,0,0,0,0,1,0,1,1,2,4,0.9,4,0,9,4,5.892493387537797,MEDIO
19901610,-22.99407055036364,-49.86965669727273,0,0,0,0,3,0,1,0,5,3,1.2,5,0,12,3,5.885187232675889,MEDIO
19911285,-22.9871175,-49.8542424,0,1,0,0,2,0,0,0,4,4,1.1,4,0,11,4,5.834603040782895,MEDIO
19900241,-22.983600600969694,-49.863733684121215,0,0,0,0,0,0,2,1,3,5,1.1,5,0,11,5,5.830875578363703,MEDIO
19915055,-22.96809367400138,-49.86840415523417,1,0,0,1,6,0,0,0,2,1,1.1,6,0,11,0,5.813351513044836,MEDIO
19907390,-22.971227449814812,-49.879086405,0,0,0,0,1,1,3,0,6,5,1.6,6,0,16,5,5.77909582497341,MEDIO
19902070,-22.990727645238096,-49.86076928571429,0,0,0,2,2,0,1,2,7,0,1.4,7,0,14,0,5.777977546849797,MEDIO
19901500,-22.992857315619048,-49.86894836609524,0,0,0,0,0,0,1,6,6,4,1.7,6,0,17,4,5.764103665766015,MEDIO
19904625,-23.0177407,-49.887305,0,0,0,0,0,0,0,1,4,5,1.0,5,0,10,5,5.740176151761261,MEDIO
19915774,-22.96079277,-49.85424690333333,0,0,0,0,0,0,6,5,2,2,1.5,6,0,15,2,5.724140406152401,MEDIO
19904631,-23.01576381111111,-49.8914003,0,0,0,0,0,0,0,5,5,4,1.4,5,0,14,4,5.714421631615551,MEDIO
19912080,-22.97624996904762,-49.863467688095234,0,0,0,2,2,0,2,2,3,1,1.2,3,0,12,1,5.685446544344813,MEDIO
19907290,-22.9765090095,-49.875389999125005,0,0,0,0,0,0,1,2,5,5,1.3,5,0,13,5,5.677182997153068,MEDIO
19907235,-22.971879437301585,-49.87646847571429,0,0,0,0,2,0,1,1,1,6,1.1,6,0,11,6,5.6607074360435945,MEDIO
19907415,-22.969283122222222,-49.87807982,0,0,0,1,2,0,0,1,0,3,0.7,3,0,7,3,5.638672187922566,MEDIO
19910264,-22.9655227625,-49.8956946125,0,0,0,0,0,0,0,0,2,6,0.8,6,0,8,6,5.636078408843787,MEDIO
19910254,-22.965611147222223,-49.89434568888888,0,0,0,0,1,0,2,1,1,2,0.7,2,0,7,2,5.620738221021384,MEDIO
19912270,-22.983138666372547,-49.85731813264706,0,0,0,0,0,0,3,3,5,5,1.6,5,0,16,5,5.6113669269834645,MEDIO
19910715,-22.96124851772152,-49.89698973702532,0,0,0,0,0,0,0,2,1,4,0.7,4,0,7,4,5.602644416934709,MEDIO
19906160,-22.98436759914966,-49.87748209217687,0,0,0,1,3,0,4,1,1,2,1.2,4,0,12,2,5.599120087388656,MEDIO
19913430,-22.98221612113636,-49.84753514795455,0,0,0,0,1,0,0,3,6,0,1.0,6,0,10,0,5.59477448148391,MEDIO
19901732,-22.992602959920635,-49.872288351984125,0,0,0,0,1,1,2,4,9,2,1.9,9,0,19,2,5.576050140436564,MEDIO
19915530,-22.9614731125,-49.859046175,0,0,0,0,0,0,0,1,1,4,0.6,4,0,6,4,5.549862701400343,MEDIO
19908040,-22.970858136666664,-49.90341510333333,0,0,0,0,0,2,0,1,4,4,1.1,4,0,11,4,5.545458300721293,MEDIO
19914190,-22.984821670281885,-49.86838235313645,0,0,0,0,3,0,0,0,3,7,1.3,7,0,13,7,5.508292371974676,MEDIO
19912380,-22.987587887083333,-49.85568196916667,0,0,0,0,0,0,1,1,3,6,1.1,6,0,11,6,5.50162124788767,MEDIO
19904724,-22.95793745,-49.8739374375,0,0,0,0,0,0,0,0,1,4,0.5,4,0,5,4,5.4984515925780215,MEDIO
19901230,-22.991966966264883,-49.87300741769345,1,0,0,1,4,0,3,5,9,2,2.5,9,0,25,1,5.496618476725416,MEDIO
19905495,-23.00455909823718,-49.88758613685897,0,0,0,0,4,0,1,0,3,0,0.8,4,0,8,0,5.494390838442996,MEDIO
19915631,-22.9538904325,-49.857641415,0,0,0,1,0,0,0,2,1,2,0.6,2,0,6,2,5.483036043426182,MEDIO
19900101,-22.979664748888887,-49.86747088555556,0,0,0,0,1,0,1,2,0,5,0.9,5,0,9,5,5.466944755984514,MEDIO
19914310,-22.9677302,-49.86009750625,0,0,0,0,0,0,1,0,4,2,0.7,4,0,7,2,5.462845977597681,MEDIO
19915742,-22.987405286482687,-49.79968184350649,0,0,0,0,0,0,1,0,2,5,0.8,5,0,8,5,5.453281367719683,MEDIO
19914080,-22.973877738888888,-49.85778964102564,0,0,0,0,2,0,4,3,1,4,1.4,4,0,14,4,5.44398523955897,MEDIO
19901730,-22.997504424285715,-49.87205639142857,0,0,0,0,1,0,2,0,8,2,1.3,8,0,13,2,5.425105735395846,MEDIO
19902130,-22.992062368333333,-49.86407363333333,0,0,0,0,5,0,0,2,3,3,1.3,5,0,13,3,5.405665986092572,MEDIO
19904255,-23.01500391333333,-49.88033412074074,0,0,0,0,1,0,4,1,5,3,1.4,5,0,14,3,5.393799076409778,MEDIO
19912324,-22.95973745848214,-49.83558217886905,0,0,0,0,1,0,1,1,2,2,0.7,2,0,7,2,5.376405204850926,MEDIO
19910040,-22.96361949083333,-49.88476354666667,0,0,0,0,0,0,0,2,3,3,0.8,3,0,8,3,5.337996285668851,MEDIO
19911825,-22.963912722205883,-49.869984944816174,0,0,0,1,5,0,0,1,0,0,0.7,5,0,7,0,5.33689192433485,MEDIO
19905040,-22.991106480555555,-49.88013722111111,0,0,0,0,5,0,3,2,7,0,1.7,7,0,17,0,5.305657785114818,MEDIO
19906282,-22.99020854238095,-49.88759488428572,0,0,0,1,0,0,2,1,7,0,1.1,7,0,11,0,5.301372590982282,MEDIO
19905157,-22.9566887,-49.8724477,0,0,0,0,4,0,0,0,1,0,0.5,4,0,5,0,5.279750931661511,MEDIO
19905336,-22.998140551666665,-49.88607321833333,0,0,0,1,0,0,0,3,4,4,1.2,4,0,12,4,5.272947676327021,MEDIO
19914020,-22.97394720066137,-49.85873197248677,0,0,0,0,2,0,7,2,4,2,1.7,7,0,17,2,5.256837230297606,MEDIO
19906544,-22.98718214285714,-49.89230157396825,0,0,0,0,1,0,1,3,5,3,1.3,5,0,13,3,5.24118365043978,MEDIO
19911065,-22.96792185833333,-49.87730528333333,0,0,0,0,1,0,0,0,0,5,0.6,5,0,6,5,5.235666312338253,MEDIO
19901010,-22.9875564675,-49.86673890569444,0,0,0,0,2,0,1,1,6,5,1.5,6,0,15,5,5.22871371972542,MEDIO
19900970,-22.96798574725297,-49.87285717629464,0,0,0,0,0,0,1,3,5,1,1.0,5,0,10,1,5.203364130276896,MEDIO
19906280,-22.9899972375,-49.888808904166666,0,0,0,0,0,0,1,0,8,4,1.3,8,0,13,4,5.123248249639801,MEDIO
19914987,-22.993043939952784,-49.87179776643057,0,0,0,0,4,0,2,0,1,0,0.7,4,0,7,0,5.104187251445183,MEDIO
19904275,-23.01077554,-49.88631968652778,0,0,0,0,0,0,3,1,2,9,1.5,9,0,15,9,5.095632074990135,MEDIO
19907575,-22.972461259333333,-49.891578572,0,0,0,0,1,0,0,5,6,2,1.4,6,0,14,2,5.093226087068615,MEDIO
19914090,-22.972036363184525,-49.85707912955357,0,0,0,0,0,0,3,0,2,5,1.0,5,0,10,5,5.078093585636452,MEDIO
19915008,-22.962923940000003,-49.860030962,0,0,0,0,0,0,5,1,2,2,1.0,5,0,10,2,5.048791752117722,MEDIO
19905325,-22.997805572412695,-49.88554564131429,0,0,0,0,2,0,0,3,7,9,2.1,9,0,21,9,5.038886651333087,MEDIO
19905470,-23.00463675453283,-49.88424252022728,0,0,0,0,0,0,4,0,12,5,2.1,12,0,21,5,5.032680274793165,MEDIO
19911780,-22.969909425,-49.86545915000001,0,0,0,0,0,0,1,0,0,4,0.5,4,0,5,4,5.023262557149792,MEDIO
19905045,-22.991610290238093,-49.87925532595238,0,0,0,0,4,0,0,1,3,1,0.9,4,0,9,1,5.017744811715602,MEDIO
19914120,-22.971013616666664,-49.85959452666667,0,0,0,0,3,0,1,4,0,1,0.9,4,0,9,1,5.009966288453143,MEDIO
19901240,-22.992009262592592,-49.8719361937037,0,0,0,0,1,0,2,3,10,1,1.7,10,0,17,1,5.008847742872604,MEDIO
19914405,-22.964133482,-49.86147666,0,0,0,1,2,1,0,0,1,1,0.6,2,0,6,1,5.006162535557451,MEDIO
19910718,-22.961771161111116,-49.86495403888889,0,0,0,1,0,0,1,1,1,1,0.5,1,0,5,1,4.999099760695572,BAIXO
19906496,-22.98008667333333,-49.88441333733333,0,0,0,0,0,0,1,3,6,3,1.3,6,0,13,3,4.983004883855756,BAIXO
19905106,-23.000152674166667,-49.88199963439394,0,0,0,0,2,0,0,3,9,3,1.7,9,0,17,3,4.982493195486313,BAIXO
19910620,-22.968038671875,-49.89794428489583,0,0,0,0,0,0,1,0,3,2,0.6,3,0,6,2,4.965649012212452,BAIXO
19005152,-22.99890847234848,-49.88345501325757,0,0,0,1,0,0,0,0,4,4,0.9,4,0,9,4,4.965380873281902,BAIXO
19905015,-22.99067494839744,-49.8798937975641,0,0,0,1,2,0,0,1,4,1,0.9,4,0,9,1,4.948870168036592,BAIXO
19906035,-22.992014429799102,-49.84671367165178,0,0,0,0,2,0,0,0,1,4,0.7,4,0,7,4,4.936305226421609,BAIXO
19913030,-22.98627401666667,-49.85277555416667,0,0,1,0,0,0,3,0,0,1,0.5,3,0,5,1,4.916241024975534,BAIXO
19904629,-22.963070461666668,-49.877286616666666,0,0,0,0,1,0,2,1,1,2,0.7,2,0,7,2,4.911303056421275,BAIXO
19904570,-23.013011077380952,-49.898114470833335,0,0,0,0,2,0,0,0,2,6,1.0,6,0,10,6,4.905983439130068,BAIXO
19910206,-22.960011094444443,-49.89257673333333,0,0,0,0,0,0,0,2,1,3,0.6,3,0,6,3,4.9054029205381084,BAIXO
19906281,-22.988165442227565,-49.88843409615384,0,0,0,0,0,0,0,3,14,6,2.3,14,0,23,6,4.889956069506297,BAIXO
19906500,-22.98345029375,-49.888857875,0,0,0,1,0,0,3,0,5,2,1.1,5,0,11,2,4.883385002225623,BAIXO
19906542,-22.98713839817405,-49.892148749456105,0,0,0,0,0,0,2,0,2,3,0.7,3,0,7,3,4.8338593227863385,BAIXO
19905165,-23.000865829679626,-49.880620477024536,0,0,0,0,2,0,2,5,5,2,1.6,5,0,16,2,4.826626544359897,BAIXO
19911629,-22.96660696,-49.86924749666667,0,0,0,0,2,0,1,0,2,3,0.8,3,0,8,3,4.817081653758578,BAIXO
19905160,-22.99677117545788,-49.87820527728938,0,0,0,0,3,0,0,0,3,1,0.7,3,0,7,1,4.814394817190987,BAIXO
19905158,-22.99601426325792,-49.879456233394926,0,0,0,0,2,0,3,5,6,4,2.0,6,0,20,4,4.811250810394995,BAIXO
19906120,-22.984362555,-49.876268941666666,0,0,0,0,3,0,3,2,4,0,1.2,4,0,12,0,4.8057768989438046,BAIXO
19915365,-22.9524821,-49.8715905,0,0,0,0,1,0,0,1,0,3,0.5,3,0,5,3,4.707639920542533,BAIXO
19914315,-22.968023836666667,-49.85939295,0,0,0,0,2,0,1,0,1,3,0.7,3,0,7,3,4.692811750674082,BAIXO
19905156,-23.00150720224353,-49.8817157587115,0,0,0,0,1,0,4,1,13,4,2.3,13,0,23,4,4.692043092907625,BAIXO
19914365,-22.96574422020833,-49.86196797125,1,0,0,0,4,0,0,0,0,2,0.7,4,0,7,1,4.691615581787119,BAIXO
19905103,-23.002945464880952,-49.8812858827381,1,0,0,0,2,0,3,2,9,6,2.3,9,0,23,5,4.6840250435834605,BAIXO
19907170,-22.97597657833333,-49.88052417708333,1,0,0,0,1,2,2,1,6,1,1.4,6,0,14,0,4.661534064738589,BAIXO
19915370,-22.951153291666667,-49.87048666666667,0,0,0,0,0,0,0,1,1,3,0.5,3,0,5,3,4.660531110885131,BAIXO
19910045,-22.96419504,-49.885784496666666,0,0,0,0,0,1,0,1,3,2,0.7,3,0,7,2,4.656745519923788,BAIXO
19911105,-22.96791568,-49.87142035,0,0,0,0,0,1,1,0,3,2,0.7,3,0,7,2,4.627136129738574,BAIXO
19909060,-22.969143747916664,-49.90172775208333,0,0,0,0,0,0,0,1,3,5,0.9,5,0,9,5,4.619921703457294,BAIXO
19911722,-22.97689779761905,-49.86400609761905,0,0,0,1,1,0,3,1,1,2,0.9,3,0,9,2,4.618409829874508,BAIXO
19903020,-22.99974637222222,-49.86610852962964,0,0,0,0,1,0,7,0,3,7,1.8,7,0,18,7,4.6155952594053815,BAIXO
19901140,-22.992470216666668,-49.8737395125,0,0,0,0,3,0,0,0,2,1,0.6,3,0,6,1,4.612591005030481,BAIXO
19906455,-22.980653758,-49.88155575466667,0,0,0,0,1,0,0,2,3,4,1.0,4,0,10,4,4.5990996023301705,BAIXO
19915450,-22.950840797222224,-49.87597651666667,0,0,0,0,0,0,0,0,3,2,0.5,3,0,5,2,4.595830216041577,BAIXO
19906538,-22.96922269,-49.87645006,0,0,0,0,0,0,0,0,3,5,0.8,5,0,8,5,4.5955245037166605,BAIXO
19915235,-22.95979756666667,-49.8675649,0,0,0,0,0,0,0,3,0,3,0.6,3,0,6,3,4.591892643198662,BAIXO
19910052,-22.96852655,-49.8957097,0,0,0,1,0,0,1,0,0,0,0.2,1,0,2,0,4.575369042319835,BAIXO
19906470,-22.979131928557536,-49.88311725844595,0,0,0,0,0,0,0,5,3,3,1.1,5,0,11,3,4.51938407203852,BAIXO
19915499,-22.9592823,-49.8470788125,0,0,0,0,0,0,1,2,0,2,0.5,2,0,5,2,4.497389078432207,BAIXO
19915498,-22.9596934875,-49.8471563875,0,0,0,0,2,0,1,0,0,2,0.5,2,0,5,2,4.4600338699101485,BAIXO
19913560,-22.9807554,-49.8456297,0,0,0,0,0,0,0,0,2,4,0.6,4,0,6,4,4.459473868510031,BAIXO
19902341,-22.9963030625,-49.85720121006944,0,0,0,1,1,0,0,1,3,2,0.8,3,0,8,2,4.454598090405852,BAIXO
19904624,-23.0172272,-49.8859661,0,0,0,0,0,0,0,0,3,4,0.7,4,0,7,4,4.447725166093733,BAIXO
19906070,-22.98519154222222,-49.87429642166666,0,0,0,0,1,0,5,3,5,5,1.9,5,0,19,5,4.39156183967134,BAIXO
19905140,-22.99459084861111,-49.87828385694445,0,0,0,0,2,0,2,3,2,2,1.1,3,0,11,2,4.387142583945206,BAIXO
19900011,-22.983997657777778,-49.8695618742963,0,0,0,0,1,0,0,6,6,3,1.6,6,0,16,3,4.373197274711856,BAIXO
19904734,-23.03409483125,-49.76012680625,0,0,0,0,0,0,0,0,4,4,0.8,4,0,8,4,4.357574046451191,BAIXO
19902080,-22.99193624,-49.86299278,0,0,0,0,1,0,0,1,3,6,1.1,6,0,11,6,4.339101426689012,BAIXO
19906110,-22.98469519472222,-49.87547381833334,0,0,0,0,1,0,4,1,5,5,1.6,5,0,16,5,4.331632827341309,BAIXO
19905220,-22.99281621333333,-49.88692185166667,0,0,0,0,1,0,0,8,6,2,1.7,8,0,17,2,4.326364713655494,BAIXO
19903376,-23.0034869,-49.8422481,0,0,0,1,0,0,1,0,2,0,0.4,2,0,4,0,4.324675762121842,BAIXO
19915230,-22.96064550625,-49.867536875,0,0,0,1,0,0,0,0,1,2,0.4,2,0,4,2,4.311824375150536,BAIXO
19914350,-22.98838569196429,-49.86138415,0,0,0,1,0,0,0,2,2,3,0.8,3,0,8,3,4.296157932154529,BAIXO
19906200,-22.98783702156746,-49.87896252986111,0,0,0,0,2,0,0,2,17,0,2.1,17,0,21,0,4.282349363345929,BAIXO
19902440,-22.99589723333333,-49.855978400000005,0,0,0,0,0,0,1,0,8,1,1.0,8,0,10,1,4.28046577612804,BAIXO
19908080,-22.969957538194446,-49.90409152916666,0,0,0,0,1,0,0,0,1,7,0.9,7,0,9,7,4.277117396166432,BAIXO
19912010,-22.974873856666665,-49.86085163,0,0,0,1,0,1,5,0,2,0,0.9,5,0,9,0,4.268628368290592,BAIXO
19915135,-22.95600889555556,-49.86424089111111,0,0,0,0,0,0,1,0,0,3,0.4,3,0,4,3,4.266399731569436,BAIXO
19905240,-22.990776171031747,-49.883349261746034,0,0,0,0,1,0,2,2,7,0,1.2,7,0,12,0,4.265664156015191,BAIXO
19913080,-22.98050340277778,-49.85333054861112,0,0,0,0,2,0,0,0,0,4,0.6,4,0,6,4,4.260960392361085,BAIXO
19915738,-22.951324584341915,-49.856256436558006,0,0,0,0,1,0,0,0,2,2,0.5,2,0,5,2,4.2367470224835415,BAIXO
19915250,-22.95803254,-49.86856607000001,1,0,0,0,0,0,1,1,2,2,0.7,2,0,7,1,4.222701969644731,BAIXO
19913558,-22.981084066666664,-49.84506903333333,0,1,0,0,1,0,0,0,1,3,0.6,3,0,6,3,4.216292197756047,BAIXO
19911153,-22.960942133333333,-49.87658715,0,0,0,0,1,0,0,0,1,3,0.5,3,0,5,3,4.192482519533769,BAIXO
19906265,-22.987146026666665,-49.88581466111111,0,0,0,0,0,0,1,1,3,5,1.0,5,0,10,5,4.191162601213364,BAIXO
19913487,-22.978861826666662,-49.85014364888889,0,0,0,0,0,0,0,1,0,5,0.6,5,0,6,5,4.184756722357633,BAIXO
19915692,-22.961043835,-49.862903335,0,0,0,0,2,0,1,1,0,2,0.6,2,0,6,2,4.1420316806334085,BAIXO
19902340,-22.997073923111117,-49.858653203333326,0,0,0,0,2,0,2,1,7,1,1.3,7,0,13,1,4.140508908049014,BAIXO
19908090,-22.97126284,-49.905442953333335,0,0,0,0,0,0,0,1,1,7,0.9,7,0,9,7,4.138792296871543,BAIXO
19906100,-22.982338469,-49.878666142,0,0,0,0,2,0,0,5,5,2,1.4,5,0,14,2,4.138110936743033,BAIXO
19900300,-22.9863082,-49.8630729,0,0,0,1,2,0,0,0,2,2,0.7,2,0,7,2,4.12648192830784,BAIXO
19910060,-22.96900091904762,-49.87761392460317,0,0,0,0,0,0,0,2,2,4,0.8,4,0,8,4,4.110260192870555,BAIXO
19906415,-22.982443786666668,-49.882094806,0,0,0,0,2,0,0,2,3,3,1.0,3,0,10,3,4.053038707816086,BAIXO
19911740,-22.969205771666665,-49.863425820833335,0,0,0,0,1,0,1,0,1,3,0.6,3,0,6,3,4.050843999573772,BAIXO
19916660,-22.968819569047614,-49.8957692547619,0,0,0,0,1,0,0,0,0,7,0.8,7,0,8,7,4.032582992702373,BAIXO
19907300,-22.975761594609374,-49.87603631229167,0,0,0,0,0,0,5,2,0,4,1.1,5,0,11,4,4.0108439894593175,BAIXO
19904530,-23.00870912309941,-49.87991299304093,0,0,0,0,0,0,4,1,3,8,1.6,8,0,16,8,4.008967492212832,BAIXO
19913580,-22.9816355,-49.8496101,0,0,0,0,0,0,0,0,3,3,0.6,3,0,6,3,4.004885718166406,BAIXO
19907485,-22.97287708472222,-49.8868716125,0,0,0,0,0,0,3,2,1,4,1.0,4,0,10,4,3.992422229971453,BAIXO
19904290,-22.979514500000004,-49.870927,1,0,0,0,0,0,1,1,4,2,0.9,4,0,9,1,3.9885740020963567,BAIXO
19900240,-22.985827428,-49.86374875833333,0,0,0,0,1,0,2,7,4,0,1.4,7,0,14,0,3.94620653930906,BAIXO
19901030,-22.98864768333333,-49.86751206666667,0,0,0,1,0,0,1,0,2,0,0.4,2,0,4,0,3.917312495845181,BAIXO
19904721,-23.00242454783163,-49.76980339853317,0,0,0,0,0,0,0,0,7,2,0.9,7,0,9,2,3.8662776567634864,BAIXO
19915000,-23.001770208888885,-49.73642492638889,0,0,0,1,0,0,0,0,2,2,0.5,2,0,5,2,3.857041566223416,BAIXO
19901120,-22.99122015625,-49.8707114875,0,0,0,0,4,0,0,1,1,0,0.6,4,0,6,0,3.847565776957708,BAIXO
19910080,-22.965263928,-49.887379212,0,0,0,0,0,0,1,1,1,2,0.5,2,0,5,2,3.839500349737136,BAIXO
19908261,-22.98038366666667,-49.91173811666667,0,0,0,0,0,0,1,0,3,0,0.4,3,0,4,0,3.7985026296937576,BAIXO
19905250,-22.991199291944447,-49.88398549611111,0,0,0,0,0,0,0,4,6,3,1.3,6,0,13,3,3.796301425223646,BAIXO
19901721,-22.991055416666665,-49.8803172,0,0,0,1,0,0,2,0,1,0,0.4,2,0,4,0,3.770735951014103,BAIXO
19901740,-22.98690449897436,-49.87345220897436,0,0,0,0,2,0,0,8,1,2,1.3,8,0,13,2,3.7628249713088735,BAIXO
19910091,-22.9700131625,-49.890650875,0,0,0,0,0,0,1,0,2,2,0.5,2,0,5,2,3.759353862061289,BAIXO
19905225,-22.99292946388889,-49.88777160111111,0,0,0,0,0,0,1,2,4,1,0.8,4,0,8,1,3.754997814319722,BAIXO
19913118,-22.985665517932265,-49.854231939450976,0,0,0,0,0,0,1,1,2,3,0.7,3,0,7,3,3.733003542116421,BAIXO
19903374,-23.0032623,-49.8411931,0,0,0,0,0,0,0,0,2,4,0.6,4,0,6,4,3.729285528532273,BAIXO
19901540,-22.992904675,-49.8871677,0,0,0,0,0,0,1,0,7,2,1.0,7,0,10,2,3.728588431155004,BAIXO
19904637,-22.9742373,-49.85908435000001,0,0,0,0,0,0,0,2,3,2,0.7,3,0,7,2,3.7281109082377952,BAIXO
19908140,-22.9756452,-49.9074622,0,0,0,1,0,0,0,0,0,1,0.2,1,0,2,1,3.7264508235575695,BAIXO
19904327,-22.9541014,-49.8562154,0,0,0,0,0,0,0,0,3,1,0.4,3,0,4,1,3.726174513632941,BAIXO
19902430,-22.996047029166665,-49.86284006666667,0,0,0,1,0,0,0,0,3,3,0.7,3,0,7,3,3.720684523430464,BAIXO
19905305,-22.994750635,-49.88651053111112,0,0,0,0,0,0,0,5,10,1,1.6,10,0,16,1,3.6973350033003953,BAIXO
19913060,-22.98362640805556,-49.85287570611111,0,0,0,0,0,0,0,1,1,6,0.8,6,0,8,6,3.689244107612467,BAIXO
19915425,-22.973944775,-49.85800865,0,0,0,0,0,0,0,0,0,4,0.4,4,0,4,4,3.684234474114419,BAIXO
19915486,-22.9535281,-49.8496455,0,0,0,1,0,0,0,0,0,0,0.1,1,0,1,0,3.683418701197297,BAIXO
19913360,-22.989706445,-49.85614854166666,0,0,0,0,1,0,0,5,2,3,1.1,5,0,11,3,3.653288096051256,BAIXO
19911621,-22.96886867809524,-49.86648479857143,0,0,0,2,0,0,0,1,1,1,0.5,2,0,5,1,3.624110086877408,BAIXO
19909005,-22.97038097291667,-49.90361792708334,0,0,0,0,0,0,0,1,2,4,0.7,4,0,7,4,3.60262416329806,BAIXO
19910280,-22.978037046733643,-49.86837659437403,0,0,0,0,0,0,1,2,1,3,0.7,3,0,7,3,3.595600190192272,BAIXO
19901110,-22.991680976666668,-49.86958083333333,0,0,0,0,2,0,1,4,3,1,1.1,4,0,11,1,3.59287151144963,BAIXO
19915050,-22.9639916,-49.864887925000005,0,0,0,0,2,0,2,0,1,1,0.6,2,0,6,1,3.535385689917348,BAIXO
19904577,-23.014285539166668,-49.89812201916666,0,0,0,0,0,0,0,0,5,1,0.6,5,0,6,1,3.534947161148011,BAIXO
19901670,-22.987711269444446,-49.86407822777778,0,0,0,2,1,0,0,1,2,1,0.7,2,0,7,1,3.5290716543513554,BAIXO
19910116,-22.96990398928571,-49.896257706547615,0,0,0,0,0,0,0,2,3,2,0.7,3,0,7,2,3.5040383843570453,BAIXO
19913552,-22.9808782,-49.846152100000005,0,0,0,0,0,1,0,0,2,3,0.6,3,0,6,3,3.4830877718031843,BAIXO
19911450,-22.96204591977778,-49.87020356,0,0,0,0,1,0,1,0,1,2,0.5,2,0,5,2,3.470434761810793,BAIXO
19912420,-22.98965455625,-49.85519099375,0,0,0,0,4,0,0,1,0,1,0.6,4,0,6,1,3.4658193008344824,BAIXO
19912140,-22.9793474,-49.8595794,0,0,0,0,0,0,2,0,0,2,0.4,2,0,4,2,3.448702244377273,BAIXO
19910860,-22.96999925,-49.89567963333334,0,0,0,0,0,0,1,1,2,0,0.4,2,0,4,0,3.445497361511116,BAIXO
19901650,-22.99053765,-49.8647564,0,0,0,0,3,0,0,0,1,1,0.5,3,0,5,1,3.439791251976203,BAIXO
19900261,-22.98550818833333,-49.86243219666667,0,0,0,0,2,0,0,1,3,3,0.9,3,0,9,3,3.436442253017958,BAIXO
19900195,-22.98639977809524,-49.86705062333333,0,0,0,0,1,0,1,0,2,3,0.7,3,0,7,3,3.435707952650773,BAIXO
19907310,-22.97496769833333,-49.87641258555556,0,0,0,0,1,1,0,2,3,1,0.8,3,0,8,1,3.428326169900174,BAIXO
19901738,-22.99885588333333,-49.87291587083333,0,0,0,0,0,0,2,0,3,2,0.7,3,0,7,2,3.4257452913570887,BAIXO
19912321,-22.959182085,-49.856676445,0,0,0,0,1,0,2,2,0,1,0.6,2,0,6,1,3.4175405624419,BAIXO
19905450,-23.0052019278125,-49.88313214,0,0,0,0,1,0,0,0,7,3,1.1,7,0,11,3,3.3908861403597257,BAIXO
19902030,-22.99088497037037,-49.85854184814815,0,0,0,0,0,1,1,1,3,2,0.8,3,0,8,2,3.384322222611445,BAIXO
19914005,-22.96401501625,-49.86601413416667,1,0,0,0,0,0,0,0,1,3,0.5,3,0,5,2,3.325877605499045,BAIXO
19916600,-22.97022963333333,-49.89573691666667,0,0,0,0,0,0,1,0,2,0,0.3,2,0,3,0,3.27829162899161,BAIXO
19915589,-22.9601983875,-49.8580189875,0,1,0,0,0,0,2,0,1,0,0.4,2,0,4,0,3.270087369049179,BAIXO
19912260,-22.983098226666662,-49.85782211555556,0,0,0,0,0,0,2,3,2,1,0.8,3,0,8,1,3.25185984797281,BAIXO
19908170,-22.97375441875,-49.913534090625,0,0,0,0,0,0,0,1,1,6,0.8,6,0,8,6,3.2515549945746898,BAIXO
19910076,-22.96903276666667,-49.88984680000001,0,0,0,1,0,0,0,0,1,0,0.2,1,0,2,0,3.2437405630380454,BAIXO
19912240,-22.9866477,-49.85721011333334,0,0,0,0,0,0,0,2,6,2,1.0,6,0,10,2,3.234280115879301,BAIXO
19911280,-22.95498305,-49.87914675,0,0,0,0,0,0,1,0,1,2,0.4,2,0,4,2,3.2332928647174413,BAIXO
19905300,-22.99442180618182,-49.88671851836364,0,0,0,0,0,0,1,2,2,2,0.7,2,0,7,2,3.204142630148453,BAIXO
19905135,-22.99301470673077,-49.87749754,0,0,0,0,1,0,1,0,5,0,0.7,5,0,7,0,3.197103365628209,BAIXO
19905255,-22.993276359567904,-49.849057633950615,0,0,0,0,0,0,0,0,3,3,0.6,3,0,6,3,3.1856166051857144,BAIXO
19906255,-22.988440625694444,-49.88525699583333,0,0,0,0,0,0,1,0,4,1,0.6,4,0,6,1,3.1440831002673804,BAIXO
19905736,-23.0006879,-49.8661872,0,0,0,1,0,0,1,0,0,0,0.2,1,0,2,0,3.1190165749849257,BAIXO
19900280,-22.984563258571427,-49.86140324071429,0,0,0,0,0,0,1,1,4,1,0.7,4,0,7,1,3.108137143250133,BAIXO
19900110,-22.98129626,-49.87044825714285,0,0,0,0,0,0,1,1,3,1,0.6,3,0,6,1,3.1067585929977213,BAIXO
19901600,-22.99504065,-49.87101232,1,0,0,0,0,0,1,0,2,3,0.7,3,0,7,2,3.081289496663885,BAIXO
19904627,-23.0114571,-49.88916928333333,0,0,0,0,0,0,0,1,1,3,0.5,3,0,5,3,3.080213001418997,BAIXO
19906260,-22.987205240833333,-49.88411812383333,0,0,0,0,0,0,3,1,8,1,1.3,8,0,13,1,3.0725388690098043,BAIXO
19912323,-22.98088395,-49.860074325,0,0,0,0,0,0,0,0,0,4,0.4,4,0,4,4,3.069254579471817,BAIXO
19915710,-22.958897,-49.8562882,0,0,0,1,0,0,0,0,0,0,0.1,1,0,1,0,3.062137809172782,BAIXO
19902010,-22.987532700000003,-49.8603054,0,0,1,0,0,0,0,0,2,0,0.3,2,0,3,0,3.0457796696846344,BAIXO
19911142,-22.96431068333333,-49.878049938888886,0,0,0,1,0,0,0,0,0,1,0.2,1,0,2,1,3.043238834931799,BAIXO
19912120,-22.979051722222223,-49.85788027777778,0,0,0,0,0,0,0,1,3,3,0.7,3,0,7,3,3.0421100978837785,BAIXO
19911820,-22.97336408,-49.8692005,0,0,0,0,0,0,1,1,2,1,0.5,2,0,5,1,3.0160141109645338,BAIXO
19908243,-22.967092479166663,-49.70473422083333,0,0,0,0,0,0,0,1,1,2,0.4,2,0,4,2,2.98974465505853,BAIXO
19914515,-22.96415898333333,-49.85454953333333,0,0,0,0,0,0,0,0,0,3,0.3,3,0,3,3,2.9879659887501475,BAIXO
19904600,-23.00861250277778,-49.88941328555556,0,0,0,0,0,1,9,5,2,2,1.9,9,0,19,2,2.983185239753766,BAIXO
19910665,-22.9678168375,-49.8953979625,0,0,0,0,0,0,1,2,0,1,0.4,2,0,4,1,2.980771986049149,BAIXO
19904722,-23.0142671,-49.8807904,0,0,0,0,0,0,0,0,4,1,0.5,4,0,5,1,2.980728612099483,BAIXO
19906530,-22.979304175,-49.8868157125,0,0,0,0,1,0,1,0,1,2,0.5,2,0,5,2,2.9741668832912183,BAIXO
19900051,-22.979132244444443,-49.867596855555554,0,0,0,0,0,0,1,0,0,3,0.4,3,0,4,3,2.9632640067993634,BAIXO
19915045,-22.96502723333333,-49.86488905555556,0,0,0,0,0,0,0,0,3,1,0.4,3,0,4,1,2.961893362835326,BAIXO
19905405,-23.0021392,-49.8798989,0,0,0,0,1,0,0,0,4,3,0.8,4,0,8,3,2.958829225985028,BAIXO
19907410,-22.968874491666668,-49.88076022083334,0,0,0,0,0,0,0,1,1,3,0.5,3,0,5,3,2.941451822499402,BAIXO
19906155,-22.98304806666667,-49.8786488,0,0,0,1,0,0,0,0,1,2,0.4,2,0,4,2,2.941373195503729,BAIXO
19913243,-22.979437229166663,-49.856227179166666,0,0,0,0,1,0,0,0,3,2,0.6,3,0,6,2,2.941247593318621,BAIXO
19915734,-22.9536377,-49.8551194,0,0,0,0,1,0,1,0,1,0,0.3,1,0,3,0,2.9348387054351406,BAIXO
19919416,-22.97733767826087,-49.87633932608696,0,0,0,1,0,0,3,0,1,0,0.5,3,0,5,0,2.931313917686566,BAIXO
19901711,-22.995675321111108,-49.87843473444444,0,0,0,0,0,0,0,1,3,5,0.9,5,0,9,5,2.91258308144279,BAIXO
19911721,-22.97338079583333,-49.85507438333333,0,0,0,0,0,0,2,1,1,0,0.4,2,0,4,0,2.90931125249881,BAIXO
19901750,-23.0005597,-49.8720998,0,0,0,0,0,0,1,2,1,3,0.7,3,0,7,3,2.900866743073493,BAIXO
19901050,-22.99018301875,-49.8675776625,0,0,0,0,1,0,0,0,5,2,0.8,5,0,8,2,2.8983788604509755,BAIXO
19910900,-22.9648817,-49.8818699,0,0,0,0,0,0,0,0,1,3,0.4,3,0,4,3,2.849611144041773,BAIXO
19911606,-22.969396466666662,-49.86742770000001,0,0,0,0,0,0,1,0,1,2,0.4,2,0,4,2,2.843810171352743,BAIXO
19915430,-22.976250325,-49.8688445,0,0,0,1,0,0,0,1,0,1,0.3,1,0,3,1,2.8370133544940472,BAIXO
19906275,-22.985203053333333,-49.88136342666667,0,0,0,0,0,0,1,2,2,1,0.6,2,0,6,1,2.828582322607872,BAIXO
19905170,-22.99809161,-49.881387446666665,0,0,0,0,0,0,1,3,4,1,0.9,4,0,9,1,2.8245128702183138,BAIXO
19910240,-22.966248458333336,-49.89152345833333,0,0,0,0,0,0,0,4,0,2,0.6,4,0,6,2,2.8241657009484697,BAIXO
19906536,-22.9750489,-49.8554558,0,0,0,0,0,0,0,2,0,3,0.5,3,0,5,3,2.814703261186878,BAIXO
19911128,-22.958326126666663,-49.87823180666667,0,0,0,0,0,0,1,0,0,2,0.3,2,0,3,2,2.7989506231333507,BAIXO
19902530,-22.994118333333333,-49.857631475,0,0,0,0,2,0,0,2,3,0,0.7,3,0,7,0,2.7765139471284783,BAIXO
19906304,-22.9897994,-49.8910124,0,0,0,1,0,0,0,1,1,0,0.3,1,0,3,0,2.7502515669666536,BAIXO
19913165,-22.98239522962963,-49.85670292222222,0,0,0,0,0,0,0,2,2,3,0.7,3,0,7,3,2.7499377691401605,BAIXO
19903308,-22.95781445,-49.85382860000001,0,0,0,0,0,0,1,0,1,1,0.3,1,0,3,1,2.7449172028582325,BAIXO
19900070,-22.97778786289809,-49.867910216130575,0,0,0,0,0,0,1,0,1,2,0.4,2,0,4,2,2.7368017751850857,BAIXO
19905155,-22.997052116666666,-49.87984530925926,0,0,0,0,1,0,1,2,1,2,0.7,2,0,7,2,2.735348983890617,BAIXO
19903495,-22.9796309,-49.85206256666667,0,0,0,1,1,0,0,0,0,0,0.2,1,0,2,0,2.73447533696708,BAIXO
19904732,-23.0238764,-49.8936882,0,0,0,0,0,0,0,0,3,1,0.4,3,0,4,1,2.7100325746505405,BAIXO
19905230,-22.99314861666667,-49.88814336666667,0,0,0,0,0,0,0,0,9,1,1.0,9,0,10,1,2.704407468319914,BAIXO
19902040,-22.990213976666663,-49.85897951,0,0,0,0,0,0,1,1,2,1,0.5,2,0,5,1,2.6836029706737463,BAIXO
19902000,-22.98691595,-49.85867782222223,0,0,0,0,0,0,0,0,2,4,0.6,4,0,6,4,2.680156728323709,BAIXO
19911151,-22.96001015,-49.87729545,0,0,0,0,1,0,0,1,2,0,0.4,2,0,4,0,2.6754609708614225,BAIXO
19910113,-22.96957413333333,-49.89785127777778,0,0,0,0,0,0,0,1,3,1,0.5,3,0,5,1,2.6544293066235696,BAIXO
19914195,-22.972679050000004,-49.854603875,0,0,0,0,0,0,1,0,2,0,0.3,2,0,3,0,2.63589109707209,BAIXO
19907225,-22.97322016,-49.88435008,0,0,0,0,0,0,1,1,1,1,0.4,1,0,4,1,2.6263873946491003,BAIXO
19912350,-22.98403078566667,-49.85521642,0,0,0,0,1,0,4,1,3,0,0.9,4,0,9,0,2.623865181236397,BAIXO
19910092,-22.96553378333333,-49.88481525,0,0,0,0,0,0,0,0,0,3,0.3,3,0,3,3,2.6061195662714454,BAIXO
19915712,-22.9574604,-49.85409255,0,0,0,0,0,0,0,0,1,2,0.3,2,0,3,2,2.570438796041344,BAIXO
19910160,-22.9700182,-49.8963892,0,0,0,0,0,0,1,0,0,0,0.1,1,0,1,0,2.5592442983515866,BAIXO
19912360,-22.9861711,-49.85619774,0,0,0,0,0,0,1,5,1,0,0.7,5,0,7,0,2.52821812658658,BAIXO
19904725,-23.028136253773123,-49.89214347518413,0,0,0,0,0,0,0,0,1,3,0.4,3,0,4,3,2.509972181766898,BAIXO
19905631,-23.016061,-49.892717,0,0,0,0,0,0,1,0,0,0,0.1,1,0,1,0,2.491221421426417,BAIXO
19914320,-22.9678548125,-49.85852855416667,0,0,0,0,0,0,0,2,2,1,0.5,2,0,5,1,2.487844253786534,BAIXO
19913340,-22.979627683333334,-49.85387156666667,0,0,0,1,0,0,0,0,0,0,0.1,1,0,1,0,2.486592302140707,BAIXO
19900081,-22.973648292857145,-49.85576877023809,0,0,0,0,1,0,2,0,0,1,0.4,2,0,4,1,2.473665774215988,BAIXO
19906248,-22.986163846666667,-49.88445386666667,0,0,0,0,1,0,0,1,2,3,0.7,3,0,7,3,2.4728507242152773,BAIXO
19913310,-22.988997075,-49.8599225,0,0,0,0,1,0,1,1,0,2,0.5,2,0,5,2,2.4604474643110734,BAIXO
19904718,-22.9700122,-49.904349,0,0,0,0,0,0,0,0,2,1,0.3,2,0,3,1,2.458485293861486,BAIXO
19913148,-22.9771601,-49.8488839,0,0,0,0,0,0,1,0,0,0,0.1,1,0,1,0,2.457560708264282,BAIXO
19902100,-22.991019766666668,-49.86092910555556,0,0,0,0,0,0,0,2,6,1,0.9,6,0,9,1,2.4568376929219085,BAIXO
19905477,-23.005913425000003,-49.88489740833333,0,0,0,0,0,0,0,1,5,3,0.9,5,0,9,3,2.455491066981267,BAIXO
19911750,-22.98115387916667,-49.69712678333333,0,0,0,0,0,0,0,0,0,3,0.3,3,0,3,3,2.441594880450793,BAIXO
19911097,-22.96946033333333,-49.87676174444445,0,0,0,0,0,0,0,1,0,3,0.4,3,0,4,3,2.436361259997284,BAIXO
19907000,-22.979556425,-49.879551875,0,0,0,0,0,0,1,1,1,1,0.4,1,0,4,1,2.42792898607604,BAIXO
19902415,-22.995451466666665,-49.8598677,0,1,0,0,0,0,1,0,0,1,0.3,1,0,3,1,2.422863950863757,BAIXO
19910272,-22.9649387,-49.8970125,0,0,0,0,0,0,0,2,0,2,0.4,2,0,4,2,2.421883048440577,BAIXO
19915686,-22.970703472222223,-49.87047936111111,0,0,0,0,0,0,0,1,0,3,0.4,3,0,4,3,2.417676511844548,BAIXO
19902520,-22.9981013,-49.8633825625,0,0,0,0,2,0,2,0,0,1,0.5,2,0,5,1,2.3981798201402853,BAIXO
19915245,-22.9266086,-49.8247269,0,0,0,0,0,0,0,0,1,0,0.1,1,0,1,0,2.3956987546389428,BAIXO
19900221,-22.9819293375,-49.86664255,0,0,0,0,0,0,1,2,0,1,0.4,2,0,4,1,2.3946448414044426,BAIXO
19915826,-22.9577937,-49.8498022,0,0,0,0,1,0,0,0,1,0,0.2,1,0,2,0,2.3806996246839844,BAIXO
19910250,-22.9646446,-49.8936821,0,0,0,0,0,0,1,1,0,0,0.2,1,0,2,0,2.368149911193541,BAIXO
19905335,-22.997761016450216,-49.886292003751805,0,0,0,0,0,0,0,0,8,1,0.9,8,0,9,1,2.3635604185092234,BAIXO
19914105,-22.9731065,-49.859113,0,0,0,0,0,0,0,0,0,3,0.3,3,0,3,3,2.3432172219745557,BAIXO
19903318,-22.9986644,-49.8513421,0,0,0,0,0,0,1,0,1,0,0.2,1,0,2,0,2.3283567441376363,BAIXO
19911631,-22.9705264,-49.8705623,0,0,0,0,0,0,1,0,1,1,0.3,1,0,3,1,2.3275541223101754,BAIXO
19905435,-23.003934375,-49.88114829583333,0,0,0,0,0,0,4,0,1,3,0.8,4,0,8,3,2.310486485916954,BAIXO
19910716,-22.9581836875,-49.885850875,0,0,0,0,0,0,0,1,2,1,0.4,2,0,4,1,2.2776531490908383,BAIXO
19915290,-22.95437975,-49.869656000000006,0,0,0,0,0,0,2,0,0,0,0.2,2,0,2,0,2.2596584704597262,BAIXO
19910276,-22.9660215,-49.896960666666665,0,0,0,0,0,0,1,0,0,1,0.2,1,0,2,1,2.2572129727577703,BAIXO
19913435,-22.97563145,-49.87466915,0,0,0,0,0,0,1,0,1,1,0.3,1,0,3,1,2.256106279555752,BAIXO
19902390,-22.9978663,-49.86017686666667,0,0,0,0,0,0,1,1,2,0,0.4,2,0,4,0,2.246225618522658,BAIXO
19910062,-22.9684415,-49.8888640625,0,0,0,0,0,0,0,2,2,1,0.5,2,0,5,1,2.2452783714588804,BAIXO
19911130,-22.975782953703703,-49.87941618703704,0,0,0,0,1,0,0,0,0,3,0.4,3,0,4,3,2.2422519458532406,BAIXO
19915484,-22.95789355,-49.8506556,0,0,0,0,0,0,0,0,0,2,0.2,2,0,2,2,2.2342192438936763,BAIXO
19913120,-22.986510066666668,-49.8546385,0,0,0,0,0,0,1,0,1,1,0.3,1,0,3,1,2.2154777296800603,BAIXO
19902444,-22.99419546269841,-49.85862556031746,0,0,0,0,0,0,0,1,7,1,0.9,7,0,9,1,2.208178409271568,BAIXO
19909120,-22.99822281666667,-49.88739803333333,0,0,0,0,1,0,0,0,4,0,0.5,4,0,5,0,2.1831331129633327,BAIXO
19909070,-22.96876383333333,-49.90246433333333,0,0,0,0,0,0,0,3,1,0,0.4,3,0,4,0,2.1824376644208314,BAIXO
19906250,-22.987082248333333,-49.88530467833333,0,1,0,0,0,0,3,0,4,1,0.9,4,0,9,1,2.1572419174390234,BAIXO
19913572,-22.9814909,-49.8452967,0,0,0,0,1,0,0,1,2,0,0.4,2,0,4,0,2.156940940445565,BAIXO
19911107,-22.967223475,-49.873780125,0,0,0,0,2,0,0,0,0,2,0.4,2,0,4,2,2.1553451259123904,BAIXO
19902121,-22.96917236666667,-49.90050433333334,0,0,0,0,0,0,0,0,3,0,0.3,3,0,3,0,2.1510526082693104,BAIXO
19904170,-23.0124653,-49.8842416,0,0,0,0,0,0,1,0,0,0,0.1,1,0,1,0,2.146205342111898,BAIXO
19912400,-22.98832925,-49.8565925,0,0,0,0,0,0,1,2,0,0,0.3,2,0,3,0,2.128069319018323,BAIXO
19912310,-22.98389495,-49.8580202,0,0,0,0,0,0,2,0,0,0,0.2,2,0,2,0,2.118270775243218,BAIXO
19904636,-22.961917266666664,-49.8644912,0,0,0,0,0,0,0,1,2,1,0.4,2,0,4,1,2.1176417001388472,BAIXO
19912370,-22.984729516666665,-49.85395315,0,0,0,0,0,0,0,3,1,2,0.6,3,0,6,2,2.1046111007381114,BAIXO
19902442,-22.992819,-49.8604450375,0,0,0,0,0,0,1,2,0,1,0.4,2,0,4,1,2.092253688007986,BAIXO
19910282,-22.966597383333333,-49.89490063333333,0,0,0,0,0,0,0,1,2,1,0.4,2,0,4,1,2.090000136022354,BAIXO
19912160,-22.9707883,-49.8550763,0,0,0,0,0,0,1,0,0,0,0.1,1,0,1,0,2.085233073330528,BAIXO
19904621,-22.9839947,-49.9123185,0,0,0,0,2,0,0,0,0,1,0.3,2,0,3,1,2.0838154768325694,BAIXO
19913190,-22.9694352,-49.858298700000006,0,0,0,0,0,0,0,0,2,2,0.4,2,0,4,2,2.077926120471602,BAIXO
19912340,-22.9831711,-49.8554678,0,0,0,1,0,0,0,0,0,0,0.1,1,0,1,0,2.0603088742191176,BAIXO
19980781,-22.974117,-49.8650249,0,0,0,0,0,0,1,0,0,0,0.1,1,0,1,0,2.036826909372394,BAIXO
19904209,-23.0132613,-49.8826714,0,0,0,0,0,0,1,0,0,0,0.1,1,0,1,0,2.0359593217426664,BAIXO
19910530,-22.94706125,-49.88525735,0,0,0,0,0,0,0,0,0,2,0.2,2,0,2,2,2.0316726091496093,BAIXO
19904030,-22.98892889444444,-49.86827100555556,0,0,0,0,1,0,0,0,1,3,0.5,3,0,5,3,2.028202423634866,BAIXO
19907405,-23.0079592,-49.8204812,0,0,0,0,1,0,1,0,0,1,0.3,1,0,3,1,2.0205015358205856,BAIXO
19910591,-22.9474243,-49.8807825,0,0,0,0,0,0,1,0,0,0,0.1,1,0,1,0,2.0158639587698417,BAIXO
19903310,-22.981439162500003,-49.87374145625,0,0,0,0,0,0,0,0,2,3,0.5,3,0,5,3,2.0072225448075187,BAIXO
19915511,-22.9602882,-49.8619892,0,0,0,0,0,0,1,0,0,0,0.1,1,0,1,0,2.005881440943085,BAIXO
19912200,-22.982198,-49.86564823333333,0,0,0,0,1,0,1,0,1,0,0.3,1,0,3,0,2.0022401814330806,BAIXO
19911770,-22.97261428333333,-49.86420566666667,0,0,0,0,0,0,3,0,2,1,0.6,3,0,6,1,1.966575660631861,BAIXO
19900044,-22.9792172,-49.8648155,0,0,0,0,0,0,1,0,0,0,0.1,1,0,1,0,1.954911759034076,BAIXO
19912290,-22.983492158691018,-49.85795230776256,1,0,0,0,0,0,0,1,3,1,0.6,3,0,6,0,1.95325904103629,BAIXO
19914210,-22.969154044444448,-49.85364966666666,0,0,0,0,0,0,0,3,1,0,0.4,3,0,4,0,1.9485042395608616,BAIXO
19900915,-23.0123441,-49.8818576,0,0,0,0,0,0,0,2,0,2,0.4,2,0,4,2,1.931353956518251,BAIXO
19905420,-23.0029184875,-49.87950367083334,0,0,0,0,0,0,0,0,7,2,0.9,7,0,9,2,1.9218918433307408,BAIXO
19911260,-22.95708558333333,-49.88167145,0,0,0,0,0,0,0,0,2,1,0.3,2,0,3,1,1.9119145117529115,BAIXO
19902680,-22.9612121,-49.8505658,0,0,0,0,0,0,0,0,1,0,0.1,1,0,1,0,1.8926411909615128,BAIXO
19912390,-22.987718575,-49.8570539,1,0,0,0,1,0,1,0,0,1,0.4,1,0,4,0,1.8850989644688525,BAIXO
19907100,-22.97933755,-49.87529295,0,0,0,0,0,0,0,1,2,2,0.5,2,0,5,2,1.865422369706721,BAIXO
19906269,-22.9863194,-49.8845735,0,0,0,0,0,0,1,0,0,0,0.1,1,0,1,0,1.8512834567418397,BAIXO
19910670,-22.9740403,-49.88543701,0,0,0,0,2,0,3,3,1,0,0.9,3,0,9,0,1.8391839739697389,BAIXO
19905345,-22.99867971875,-49.886228960416666,0,0,0,0,0,0,0,3,5,1,0.9,5,0,9,1,1.833103841250704,BAIXO
19906015,-22.9791997,-49.8782662,0,0,0,0,0,0,1,0,0,0,0.1,1,0,1,0,1.828273158510456,BAIXO
19906190,-22.9817541,-49.87418735,0,0,0,0,2,0,0,0,2,0,0.4,2,0,4,0,1.8266364532009904,BAIXO
19915760,-22.960428225,-49.854505325000005,0,0,0,0,1,0,0,1,1,0,0.3,1,0,3,0,1.82545887597189,BAIXO
19901744,-23.001668966071428,-49.87142086785715,0,0,0,0,0,0,0,4,1,2,0.7,4,0,7,2,1.8228141968793352,BAIXO
19905433,-23.0032906,-49.8835619,0,0,0,0,0,0,1,0,0,0,0.1,1,0,1,0,1.8070393624557253,BAIXO
19913192,-22.9777918,-49.868204,0,0,0,0,0,0,0,0,0,3,0.3,3,0,3,3,1.8068764578474656,BAIXO
19906410,-22.98249818333333,-49.883179600000005,0,0,0,0,2,0,0,0,2,0,0.4,2,0,4,0,1.8002266418670845,BAIXO
19904540,-22.98988645,-49.87670334999999,0,0,0,0,0,0,1,0,0,1,0.2,1,0,2,1,1.7965430831955018,BAIXO
19911160,-22.963055675,-49.879483525,0,0,0,0,0,0,0,1,0,2,0.3,2,0,3,2,1.7786244272956535,BAIXO
19910510,-22.943942025,-49.8861824,0,0,0,0,0,0,0,2,0,1,0.3,2,0,3,1,1.7769394176666538,BAIXO
19910205,-22.964890683333333,-49.8897523,0,0,0,0,1,0,0,0,0,2,0.3,2,0,3,2,1.756971220989726,BAIXO
19911495,-22.9588219,-49.8753973,0,0,0,0,0,0,1,0,0,0,0.1,1,0,1,0,1.7540218494423243,BAIXO
19913465,-22.97711020247788,-49.85055868858406,0,0,0,0,0,0,0,0,2,0,0.2,2,0,2,0,1.7471051692391484,BAIXO
19905049,-22.9906354,-49.8777648,0,0,0,0,0,0,1,0,0,0,0.1,1,0,1,0,1.7390389712945762,BAIXO
19913117,-22.98508641333333,-49.85346942,0,0,0,0,0,0,3,1,1,1,0.6,3,0,6,1,1.7335346107774967,BAIXO
19906296,-22.966805866666665,-49.8616992,0,0,0,0,0,0,0,0,2,1,0.3,2,0,3,1,1.7210556344634824,BAIXO
19908070,-22.9711302,-49.9022781,0,0,0,0,0,0,0,0,0,1,0.1,1,0,1,1,1.714461979126099,BAIXO
19909121,-22.967276533333333,-49.88771151666666,0,0,0,0,0,0,0,1,0,2,0.3,2,0,3,2,1.7133798702507193,BAIXO
19909016,-22.9695567,-49.9039589,0,0,0,0,0,0,0,0,0,1,0.1,1,0,1,1,1.7128002859144544,BAIXO
19900414,-23.00846913333333,-49.88162613333333,0,0,0,0,0,0,1,0,0,1,0.2,1,0,2,1,1.7051632004631756,BAIXO
19930000,-22.9952584,-49.8692109,0,0,0,0,0,0,10,0,0,1,1.1,10,0,11,1,1.7044258081059525,BAIXO
19910078,-22.9665153,-49.8759984,0,0,0,0,0,0,1,0,0,0,0.1,1,0,1,0,1.697688546718382,BAIXO
19915021,-22.96731955,-49.86388111666667,0,0,0,0,0,0,0,0,2,1,0.3,2,0,3,1,1.6941795673028537,BAIXO
19902610,-22.9975687,-49.8679276,0,0,0,0,0,0,1,0,0,0,0.1,1,0,1,0,1.6940190358127438,BAIXO
19911445,-22.96302438333333,-49.86969486666666,0,0,0,0,2,0,0,0,0,1,0.3,2,0,3,1,1.680047523272151,BAIXO
19911063,-22.968558147222225,-49.876485908333336,0,0,0,0,0,0,0,0,1,2,0.3,2,0,3,2,1.679831422979987,BAIXO
19912150,-22.97827645,-49.85970085,0,0,0,0,1,0,0,0,1,2,0.4,2,0,4,2,1.657343294527891,BAIXO
19915278,-22.954018900000005,-49.8674795,0,0,0,0,0,0,0,1,1,0,0.2,1,0,2,0,1.6565353897440218,BAIXO
19906405,-22.9825204,-49.88444515,0,0,0,0,1,0,0,0,2,2,0.5,2,0,5,2,1.651492007226807,BAIXO
19905704,-22.9583365,-49.851743,0,0,0,0,1,0,0,0,0,0,0.1,1,0,1,0,1.64819920732225,BAIXO
19901680,-22.9823733,-49.8652872,0,0,0,0,0,0,0,0,0,3,0.3,3,0,3,3,1.6386453866853117,BAIXO
19902060,-22.98937397,-49.8609894,0,0,0,0,1,0,0,1,2,1,0.5,2,0,5,1,1.6255658348800353,BAIXO
19905404,-23.001109585,-49.879802445,0,0,0,0,1,0,1,0,0,1,0.3,1,0,3,1,1.6211405428666694,BAIXO
19913530,-22.9282566,-49.8931823,0,0,0,0,0,0,0,0,1,0,0.1,1,0,1,0,1.6191485303224908,BAIXO
19908263,-22.9710448,-49.888335,0,0,0,0,0,0,0,0,1,2,0.3,2,0,3,2,1.6100640848935657,BAIXO
19906460,-22.97985889388889,-49.88180238833333,0,0,0,0,0,0,0,3,0,2,0.5,3,0,5,2,1.6099046916779116,BAIXO
19915485,-22.9617685,-49.8495907,0,0,0,0,0,0,0,0,0,1,0.1,1,0,1,1,1.608092754786412,BAIXO
19906430,-22.98223095,-49.87924885,1,0,0,0,0,0,0,0,3,2,0.6,3,0,6,1,1.6063505063775665,BAIXO
19901690,-22.984212566666667,-49.86315436666666,1,0,0,0,0,0,0,1,3,0,0.5,3,0,5,-1,1.5876493809028034,BAIXO
19902443,-22.99551690833333,-49.862158225,1,0,0,0,1,0,0,1,2,1,0.6,2,0,6,0,1.5804129426378497,BAIXO
19910020,-22.96764885,-49.88777525,0,0,0,0,1,0,0,0,0,2,0.3,2,0,3,2,1.562765642456725,BAIXO
19905025,-22.99188836,-49.88126295333333,0,0,0,0,0,0,4,1,3,1,0.9,4,0,9,1,1.5502940282658528,BAIXO
19906055,-22.98745558888889,-49.872748638888886,0,0,0,0,2,0,0,3,0,1,0.6,3,0,6,1,1.5232663734132077,BAIXO
19904194,-22.9771055,-49.8611575,0,0,0,0,2,0,0,0,2,0,0.4,2,0,4,0,1.5142233194037544,BAIXO
19910204,-22.965023950000003,-49.8892745,0,0,0,0,0,0,0,0,2,0,0.2,2,0,2,0,1.5108715090555052,BAIXO
19915012,-22.9621291,-49.8630033,0,0,0,0,0,0,0,0,0,2,0.2,2,0,2,2,1.50724078246094,BAIXO
19907501,-22.964368,-49.874349,0,0,0,0,1,0,0,0,1,1,0.3,1,0,3,1,1.4806064049944323,BAIXO
19904628,-23.0007185,-49.8846781,0,0,0,0,0,0,0,0,1,3,0.4,3,0,4,3,1.47763412405493,BAIXO
19913318,-22.9777947,-49.8504816,0,0,0,0,0,0,0,0,1,0,0.1,1,0,1,0,1.4772177644317708,BAIXO
19914173,-22.9739231,-49.8527108,0,0,0,0,0,0,0,0,1,0,0.1,1,0,1,0,1.466559897946354,BAIXO
19905035,-22.99044227222222,-49.88074547222222,0,0,0,0,0,0,0,0,6,1,0.7,6,0,7,1,1.4578152374724596,BAIXO
19915764,-22.9598177,-49.8526411,0,0,0,0,0,0,0,0,0,1,0.1,1,0,1,1,1.4572880871692178,BAIXO
19900470,-22.9634814,-49.8516756,0,0,0,0,0,0,0,0,0,1,0.1,1,0,1,1,1.445838320067196,BAIXO
19905295,-22.99420028333333,-49.88759431666666,0,0,0,0,0,0,0,1,3,1,0.5,3,0,5,1,1.4279606628242618,BAIXO
19909100,-22.9538149,-49.90253255,0,0,0,0,0,0,0,0,1,0,0.1,1,0,1,0,1.426727036736338,BAIXO
19903338,-22.9634246,-49.87846825,0,0,0,0,0,0,0,0,2,0,0.2,2,0,2,0,1.3922794739428357,BAIXO
19915708,-22.9564333,-49.8532954,0,0,0,0,0,0,0,1,0,0,0.1,1,0,1,0,1.3886517835762788,BAIXO
19903030,-22.9683135,-49.9030266,0,0,0,0,0,0,0,1,0,0,0.1,1,0,1,0,1.385792252194733,BAIXO
19911273,-22.9551765,-49.8813401,0,0,0,0,0,0,0,0,1,1,0.2,1,0,2,1,1.3781383800032927,BAIXO
19915305,-22.95377585,-49.87361045,0,0,0,0,0,1,0,0,0,1,0.2,1,0,2,1,1.3766013913727877,BAIXO
19904715,-22.977791799999995,-49.868204,0,0,0,0,0,0,0,0,3,0,0.3,3,0,3,0,1.3616536158206145,BAIXO
19904565,-23.012951906521742,-49.89936216521739,0,0,0,0,0,0,0,0,1,0,0.1,1,0,1,0,1.3406029144380227,BAIXO
19903394,-23.0014549,-49.8501862,0,0,0,0,0,0,0,0,0,2,0.2,2,0,2,2,1.327615438725843,BAIXO
19911207,-22.9595118,-49.8749679,0,0,0,0,0,0,0,1,1,0,0.2,1,0,2,0,1.3259268451829485,BAIXO
19901070,-23.05691938,-49.38642922666666,0,0,0,0,0,0,0,0,1,0,0.1,1,0,1,0,1.3129986409985577,BAIXO
19903386,-23.0035211,-49.8405285,0,0,0,0,0,0,0,0,1,0,0.1,1,0,1,0,1.2938523631000862,BAIXO
19911723,-22.9727409,-49.86520875,0,0,0,0,0,0,3,0,0,1,0.4,3,0,4,1,1.272727569745257,BAIXO
19205115,-22.9571253,-49.8666455,0,0,0,0,0,0,0,0,1,1,0.2,1,0,2,1,1.2624694584501412,BAIXO
19906284,-22.9707025,-49.856752425,0,0,0,0,0,0,0,0,2,0,0.2,2,0,2,0,1.258473463165501,BAIXO
19906230,-22.9857793625,-49.882229075,0,0,0,0,0,0,0,0,4,0,0.4,4,0,4,0,1.2563498215004074,BAIXO
19914370,-22.96449735,-49.85715735,0,0,0,0,0,0,0,0,1,1,0.2,1,0,2,1,1.250812430806036,BAIXO
19910027,-22.9615206,-49.8971764,0,0,0,0,0,0,0,0,1,0,0.1,1,0,1,0,1.2498326152799564,BAIXO
19914089,-22.9739717,-49.8574374,0,0,0,0,0,0,0,0,2,0,0.2,2,0,2,0,1.245039566374544,BAIXO
19904626,-23.0170378,-49.8891112,0,0,0,0,0,0,0,0,1,0,0.1,1,0,1,0,1.2422328899110653,BAIXO
19950500,-22.9471473,-49.8865764,0,0,0,0,0,0,0,1,0,0,0.1,1,0,1,0,1.2393261000052007,BAIXO
19911309,-22.984125,-49.8517101,0,0,0,0,0,0,0,0,1,0,0.1,1,0,1,0,1.2330921242519253,BAIXO
19914075,-22.976237233333336,-49.8587016,0,0,0,0,1,0,0,0,1,1,0.3,1,0,3,1,1.231239678161728,BAIXO
19912060,-22.976313766666664,-49.865496333333326,0,0,0,0,0,0,0,0,0,2,0.2,2,0,2,2,1.2257849464640458,BAIXO
19912110,-22.978298,-49.8578474,0,0,0,0,0,0,0,2,0,1,0.3,2,0,3,1,1.21093344485962,BAIXO
19913485,-22.97871045,-49.8483202,0,0,0,0,1,0,0,0,0,0,0.1,1,0,1,0,1.2054370070964069,BAIXO
19910034,-22.9698733,-49.890152,0,0,0,0,0,0,0,0,0,2,0.2,2,0,2,2,1.2005453128267618,BAIXO
19900191,-22.9856788,-49.8669636125,0,0,0,0,0,0,0,1,2,1,0.4,2,0,4,1,1.1980052259586955,BAIXO
19902400,-22.994897216666665,-49.85729933333333,0,0,0,0,0,0,0,0,3,1,0.4,3,0,4,1,1.1757502211821702,BAIXO
19915525,-22.9620281,-49.8591691,0,0,0,0,0,0,0,0,1,0,0.1,1,0,1,0,1.1744921977497145,BAIXO
19913554,-22.9812129,-49.8461567,0,0,0,0,1,0,0,0,0,1,0.2,1,0,2,1,1.169696819704768,BAIXO
19910249,-22.9663732,-49.8928228,0,0,0,0,0,0,0,0,1,1,0.2,1,0,2,1,1.1692315113850782,BAIXO
19913574,-23.02811650600033,-49.89211128867697,0,0,0,0,0,0,0,0,0,2,0.2,2,0,2,2,1.159184116767392,BAIXO
19915865,-22.9670653,-49.8632266,0,0,0,0,0,0,0,1,1,0,0.2,1,0,2,0,1.1546780413755189,BAIXO
19913578,-22.9821647,-49.8435205,0,0,0,0,1,0,0,0,0,1,0.2,1,0,2,1,1.1535079179720924,BAIXO
19910710,-22.9629515,-49.8966463,0,0,0,0,0,0,0,0,1,0,0.1,1,0,1,0,1.1500065759410063,BAIXO
19904658,-23.016789,-49.886686,0,0,0,0,0,0,0,0,1,0,0.1,1,0,1,0,1.149897466951188,BAIXO
19915679,-22.9572335,-49.8630096,0,0,0,0,0,0,0,0,0,1,0.1,1,0,1,1,1.1393960916302603,BAIXO
19907190,-22.97564805833333,-49.879842225,0,0,0,0,0,0,0,0,0,2,0.2,2,0,2,2,1.136450828334091,BAIXO
19911749,-22.97383465,-49.8614777,0,0,0,0,0,0,0,1,1,0,0.2,1,0,2,0,1.133314055403389,BAIXO
19906560,-22.945174,-49.8860956,0,0,0,0,0,0,0,0,0,0,0.0,0,0,0,0,1.128309118003017,BAIXO
19910269,-22.9651804,-49.8961356,0,0,0,0,0,0,0,0,1,0,0.1,1,0,1,0,1.128234387282646,BAIXO
19907140,-22.977619633333333,-49.88131526666666,0,0,0,0,1,0,0,0,1,1,0.3,1,0,3,1,1.1270617715099434,BAIXO
19912700,-22.9564654,-49.8793263,0,0,0,0,0,0,0,0,1,0,0.1,1,0,1,0,1.1243539203951514,BAIXO
19150210,-22.9577242,-49.8683114,0,0,0,0,1,0,0,0,0,0,0.1,1,0,1,0,1.1227202846766886,BAIXO
19915205,-22.9571253,-49.8666455,0,0,0,0,0,0,0,1,0,0,0.1,1,0,1,0,1.1195947052310655,BAIXO
19915801,-22.96114,-49.8619221,0,0,0,0,1,0,0,0,0,0,0.1,1,0,1,0,1.1183123223581788,BAIXO
19911388,-22.97675187272728,-49.85549258760331,0,0,0,0,0,0,0,0,1,0,0.1,1,0,1,0,1.113397460574561,BAIXO
19991433,-22.964738,-49.8574634,0,0,0,0,1,0,0,0,0,0,0.1,1,0,1,0,1.1115331902965409,BAIXO
19913475,-22.979675,-49.8520207,0,0,0,0,0,0,0,1,0,0,0.1,1,0,1,0,1.0959404682489549,BAIXO
19901400,-22.9609389,-49.8742308,0,0,0,0,0,0,0,0,1,0,0.1,1,0,1,0,1.0937251767199996,BAIXO
19900015,-22.98157255,-49.87501435,0,0,0,0,0,0,0,1,0,2,0.3,2,0,3,2,1.0841104857663597,BAIXO
19910211,-22.9588929,-49.8927403,0,0,0,0,0,0,0,0,0,0,0.0,0,0,0,0,1.082724590867656,BAIXO
19911095,-22.97044281333333,-49.87577306666666,0,0,0,0,0,0,0,0,1,1,0.2,1,0,2,1,1.0799019379901438,BAIXO
19906561,-22.9602377,-49.882089,0,0,0,0,0,0,0,0,0,1,0.1,1,0,1,1,1.0727944897025736,BAIXO
19905205,-22.9581513,-49.8820516,0,0,0,0,1,0,0,0,0,0,0.1,1,0,1,0,1.068308239156977,BAIXO
19918302,-22.9632158,-49.8966547,0,0,0,0,0,0,0,1,0,0,0.1,1,0,1,0,1.0593560892393723,BAIXO
19910100,-22.9654308,-49.8925042,0,0,0,0,0,0,0,0,1,0,0.1,1,0,1,0,1.0576528741748916,BAIXO
19910245,-22.96634985,-49.89222015,0,0,0,0,0,0,0,0,1,0,0.1,1,0,1,0,1.0527141978618602,BAIXO
19904276,-23.0102878,-49.88575,0,0,0,0,0,0,0,0,1,0,0.1,1,0,1,0,1.0466307580491048,BAIXO
19904341,-23.0150772,-49.8844941,0,0,0,0,0,0,0,0,1,0,0.1,1,0,1,0,1.0455827465184484,BAIXO
19905350,-22.999068775,-49.8860391625,0,0,0,0,0,0,0,1,2,1,0.4,2,0,4,1,1.0364378079875678,BAIXO
19903322,-22.9687363,-49.8630147,0,0,0,0,0,0,0,0,1,1,0.2,1,0,2,1,1.034607905019584,BAIXO
19906130,-22.9841324,-49.8754424,0,0,0,0,2,0,0,0,0,0,0.2,2,0,2,0,1.0314016966858617,BAIXO
19910473,-22.961605,-49.8938793,0,0,0,0,0,0,0,0,0,1,0.1,1,0,1,1,1.0281366510553198,BAIXO
19911202,-22.9612149,-49.8812241,0,0,0,0,0,0,0,1,0,0,0.1,1,0,1,0,1.0144814793839032,BAIXO
19910310,-22.9632909,-49.8937234,0,0,0,0,0,0,0,1,0,0,0.1,1,0,1,0,1.005330753419912,BAIXO
19910667,-22.97009135,-49.89582025,0,0,0,0,0,0,0,0,0,0,0.0,0,0,0,0,1.0021513497240448,BAIXO
19945000,-22.9789697,-49.8521467,0,0,0,0,0,0,0,0,0,1,0.1,1,0,1,1,0.9970453812402412,BAIXO
19915151,-22.9610717,-49.8644221,0,0,0,0,0,0,0,0,0,0,0.0,0,0,0,0,0.9962126633890876,BAIXO
19910001,-22.964431,-49.8638795,0,0,0,0,1,0,0,0,0,0,0.1,1,0,1,0,0.9939198962511,BAIXO
19914314,-22.9681916,-49.8594396,0,0,0,0,0,0,0,0,1,0,0.1,1,0,1,0,0.9921350204949704,BAIXO
19913170,-22.9817719,-49.85653615,0,0,0,0,0,0,0,0,2,0,0.2,2,0,2,0,0.991262107867442,BAIXO
19911209,-22.977171650000003,-49.86360495,0,0,0,0,0,0,0,0,1,1,0.2,1,0,2,1,0.9891625956206552,BAIXO
19900315,-22.9539463,-49.872422,0,0,0,0,0,0,0,0,0,0,0.0,0,0,0,0,0.987523070612042,BAIXO
19911006,-22.963095316666667,-49.86108181666666,1,0,0,0,0,0,0,1,0,0,0.2,1,0,2,-1,0.9854363742033456,BAIXO
19908150,-22.966321444444443,-49.89598887777778,0,0,0,0,0,0,0,1,0,0,0.1,1,0,1,0,0.9812206371807406,BAIXO
19911960,-22.9621287,-49.8670741,0,0,0,0,0,0,0,0,1,0,0.1,1,0,1,0,0.9762079999763956,BAIXO
19910304,-22.9569437,-49.8701607,0,0,0,0,0,0,0,0,0,1,0.1,1,0,1,1,0.9714804408704368,BAIXO
19918899,-22.9730912,-49.8763989,0,0,0,0,0,0,0,0,1,0,0.1,1,0,1,0,0.9708962382701428,BAIXO
19903155,-22.9667787,-49.8579782,0,0,0,0,0,0,0,0,0,0,0.0,0,0,0,0,0.9652497690676682,BAIXO
19911833,-22.9671534,-49.869696,0,0,0,0,0,0,0,0,1,1,0.2,1,0,2,1,0.9622919320518122,BAIXO
19914106,-22.9712601,-49.8601629,0,0,0,0,0,0,0,0,1,0,0.1,1,0,1,0,0.9608567361556196,BAIXO
19910088,-22.970199,-49.8913546,0,0,0,0,0,0,0,0,0,1,0.1,1,0,1,1,0.9597966399642246,BAIXO
19912247,-22.9582689,-49.8805948,0,0,0,0,0,0,0,0,0,1,0.1,1,0,1,1,0.9586217188279988,BAIXO
19910210,-22.96487275,-49.89256295,0,0,0,0,0,0,0,0,0,1,0.1,1,0,1,1,0.9564439765181304,BAIXO
19901989,-22.9578362,-49.8739056,0,0,0,0,0,0,0,0,0,1,0.1,1,0,1,1,0.9546911468378312,BAIXO
19504570,-23.0128762,-49.8982095,0,0,0,0,0,0,0,0,0,1,0.1,1,0,1,1,0.9525590598486816,BAIXO
19904559,-22.9694919,-49.8914513,0,0,0,0,0,0,0,0,0,0,0.0,0,0,0,0,0.9506537389142976,BAIXO
19912220,-22.9788276,-49.8534262,0,0,0,0,0,0,0,0,1,0,0.1,1,0,1,0,0.9459963920653536,BAIXO
19911170,-22.9688772,-49.8750939,0,0,0,0,0,0,0,0,1,0,0.1,1,0,1,0,0.9456925348185904,BAIXO
19911401,-22.9595224,-49.8740184,0,0,0,0,0,0,0,0,0,1,0.1,1,0,1,1,0.9422921565010256,BAIXO
19905436,-23.00367333769231,-49.88091830326923,0,0,0,0,0,0,0,2,1,1,0.4,2,0,4,1,0.9422283356589104,BAIXO
19904736,-22.9777918,-49.868204,0,0,0,0,0,0,0,0,2,0,0.2,2,0,2,0,0.9421951420063124,BAIXO
19041195,-23.0096665,-49.8812016,0,0,0,0,0,0,0,0,1,0,0.1,1,0,1,0,0.9337726254152584,BAIXO
19914220,-22.9786608,-49.8530498,0,0,0,0,0,0,0,0,1,0,0.1,1,0,1,0,0.9337381011700928,BAIXO
19910063,-22.9684335,-49.8769276,0,0,0,0,0,0,0,1,0,1,0.2,1,0,2,1,0.9306198615986432,BAIXO
19915010,-22.9654683,-49.8649525,0,0,0,0,1,0,0,0,0,0,0.1,1,0,1,0,0.9285601566643892,BAIXO
19904000,-22.96683675,-49.86105035,0,0,0,0,1,0,0,0,0,1,0.2,1,0,2,1,0.9218841315869212,BAIXO
19901550,-22.99643065,-49.86902763333333,0,0,0,0,0,0,0,2,1,0,0.3,2,0,3,0,0.9178763223881106,BAIXO
19911524,-22.9588187,-49.8678178,0,0,0,0,0,0,0,0,0,0,0.0,0,0,0,0,0.9124419340496388,BAIXO
19911531,-22.9705264,-49.8705623,0,0,0,0,0,0,0,0,1,0,0.1,1,0,1,0,0.911491369637588,BAIXO
19904545,-23.0105247,-49.8940556,0,0,0,0,0,0,0,0,0,0,0.0,0,0,0,0,0.9066662922405158,BAIXO
19907110,-22.98068445,-49.87763325,0,0,0,0,0,0,0,2,0,0,0.2,2,0,2,0,0.9030542308591976,BAIXO
19902282,-23.011681,-49.8885709,0,0,0,0,0,0,0,1,0,0,0.1,1,0,1,0,0.9013466884634908,BAIXO
19908320,-23.0003285,-49.8470905,0,0,0,0,0,0,0,0,0,1,0.1,1,0,1,1,0.900720101866682,BAIXO
19900332,-22.9576434,-49.874555,0,0,0,0,0,0,0,0,0,0,0.0,0,0,0,0,0.8970418261478699,BAIXO
19911810,-22.9722584,-49.86823545,0,0,0,0,0,0,0,1,0,0,0.1,1,0,1,0,0.8940911884255911,BAIXO
19900320,-22.9773639,-49.8572217,0,0,0,0,0,0,0,0,0,0,0.0,0,0,0,0,0.8876830333883845,BAIXO
19911120,-22.9583872,-49.8772706,0,0,0,0,0,0,0,0,0,0,0.0,0,0,0,0,0.885646890604221,BAIXO
19912320,-22.9814806,-49.8551161,0,0,0,0,0,0,0,2,0,0,0.2,2,0,2,0,0.8852960902422637,BAIXO
19911800,-23.089062726153845,-49.74325839769231,0,0,0,0,0,0,0,0,0,1,0.1,1,0,1,1,0.8823745715853875,BAIXO
19901100,-22.9957818,-49.8558062,1,0,0,0,0,0,0,0,2,0,0.3,2,0,3,-1,0.8819907244014757,BAIXO
19141100,-22.971471926315782,-49.86013973263158,0,0,0,0,0,0,0,0,0,1,0.1,1,0,1,1,0.881441327959692,BAIXO
19906051,-22.9816845,-49.8878136,0,0,0,0,0,0,0,0,1,0,0.1,1,0,1,0,0.8794387705611371,BAIXO
19910207,-22.9650348,-49.8914225,0,0,0,0,0,0,0,1,0,0,0.1,1,0,1,0,0.8783854111916298,BAIXO
19905136,-22.9978457,-49.88019396666667,0,0,0,0,1,0,0,0,2,0,0.3,2,0,3,0,0.8757746889068585,BAIXO
19904567,-23.011681,-49.8885709,0,0,0,0,0,0,0,0,0,1,0.1,1,0,1,1,0.8674804829779532,BAIXO
19900100,-22.9777574,-49.8597643,0,0,0,0,0,0,0,0,0,1,0.1,1,0,1,1,0.8610916021552839,BAIXO
19905245,-22.9803652,-49.87558301666667,0,0,0,0,0,0,0,0,1,1,0.2,1,0,2,1,0.8564518062612478,BAIXO
19906726,-22.986356633333333,-49.87268006666667,0,0,0,0,1,0,0,0,1,1,0.3,1,0,3,1,0.8557061801529926,BAIXO
19915140,-22.9632026,-49.8634861,0,0,0,0,0,0,0,0,0,1,0.1,1,0,1,1,0.8549798305011791,BAIXO
19911821,-22.9671283,-49.8707335,0,0,0,0,0,0,0,0,0,1,0.1,1,0,1,1,0.8537852522840694,BAIXO
19901172,-22.9725979,-49.8638186,0,0,0,0,0,0,0,0,0,1,0.1,1,0,1,1,0.8536209032008628,BAIXO
19911481,-22.9716652,-49.8653692,0,0,0,0,0,0,0,0,0,1,0.1,1,0,1,1,0.8464506791042368,BAIXO
19907130,-22.97849693333333,-49.87979933333333,0,0,0,0,1,0,0,0,1,0,0.2,1,0,2,0,0.83622459954222,BAIXO
19910990,-22.9680628,-49.8914988,0,0,0,0,0,0,0,0,0,0,0.0,0,0,0,0,0.8359239691581024,BAIXO
19911799,-22.9734416,-49.8614406,0,0,0,0,0,0,0,0,0,0,0.0,0,0,0,0,0.8357710206310003,BAIXO
19915201,-22.9637309,-49.8680236,0,0,0,0,0,0,0,0,0,1,0.1,1,0,1,1,0.8337775832605985,BAIXO
19910202,-22.9651106,-49.8897639,0,0,0,0,0,0,0,0,0,1,0.1,1,0,1,1,0.8276672671436245,BAIXO
19911050,-22.970255166666664,-49.87347624444444,0,0,0,0,1,0,0,0,0,1,0.2,1,0,2,1,0.8269790419562923,BAIXO
19911900,-22.9696099,-49.8759827,0,0,0,0,0,0,0,0,0,0,0.0,0,0,0,0,0.8267110116848926,BAIXO
19911761,-22.97140305,-49.86324905,0,0,0,0,0,0,0,0,0,1,0.1,1,0,1,1,0.8267024506185408,BAIXO
19911861,-22.9660207,-49.8708033,0,0,0,0,0,0,0,0,1,0,0.1,1,0,1,0,0.8255876420762434,BAIXO
19905030,-22.990454675,-49.882085925,0,0,0,0,0,0,0,0,2,1,0.3,2,0,3,1,0.8216122500643905,BAIXO
19911830,-22.972370175,-49.870319550000005,0,0,0,0,1,0,3,0,0,0,0.4,3,0,4,0,0.8159326955556025,BAIXO
19917420,-22.9681219,-49.8810782,0,0,0,0,0,0,0,0,0,1,0.1,1,0,1,1,0.8155330755926116,BAIXO
19910235,-22.9659749,-49.89047915,0,0,0,0,0,0,0,0,0,1,0.1,1,0,1,1,0.8139303958978417,BAIXO
19911783,-22.9662808,-49.8657216,0,0,0,0,0,0,0,0,0,1,0.1,1,0,1,1,0.8131296040064626,BAIXO
19900781,-22.971451,-49.8653498,0,0,0,0,0,0,0,0,0,0,0.0,0,0,0,0,0.8108478261692653,BAIXO
19920207,-22.97455630215873,-49.87795076085865,0,0,0,0,0,0,0,0,0,1,0.1,1,0,1,1,0.8088708732229861,BAIXO
19914600,-22.9782684,-49.8573376,0,0,0,0,0,0,0,0,0,1,0.1,1,0,1,1,0.807678835144543,BAIXO
19913035,-22.9803033,-49.8553482,0,0,0,0,0,0,0,0,0,1,0.1,1,0,1,1,0.8034680530672631,BAIXO
19913270,-22.9787282,-49.862955,0,0,0,0,0,0,0,0,1,0,0.1,1,0,1,0,0.798625054258082,BAIXO
19900622,-22.9652644,-49.8689666,0,0,0,0,0,0,0,0,0,0,0.0,0,0,0,0,0.7979529854474094,BAIXO
19912030,-22.9796316,-49.8614475,0,0,0,0,0,0,0,0,1,0,0.1,1,0,1,0,0.7964389554235822,BAIXO
19913576,-22.9936509,-49.8574601,0,0,0,0,0,0,0,0,0,2,0.2,2,0,2,2,0.7902465316710732,BAIXO
19915769,-22.9678217,-49.8796333,0,0,0,0,0,0,0,0,0,1,0.1,1,0,1,1,0.7855843961242499,BAIXO
19911123,-22.9725757,-49.8635597,0,0,0,0,1,0,0,0,0,0,0.1,1,0,1,0,0.7799657619452773,BAIXO
19910120,-22.9777918,-49.868204,0,0,0,0,0,0,0,0,1,0,0.1,1,0,1,0,0.7698770134284132,BAIXO
19915684,-22.9777918,-49.868204,0,0,0,0,0,0,0,0,1,0,0.1,1,0,1,0,0.7698770134284132,BAIXO
19900520,-22.9844447,-49.8921275,0,0,0,0,0,0,0,0,1,0,0.1,1,0,1,0,0.7693133744223815,BAIXO
19900310,-22.986337675,-49.8604821,0,0,0,0,0,0,0,0,2,0,0.2,2,0,2,0,0.7657498622265848,BAIXO
19911166,-22.9634327,-49.8795161,0,0,0,0,0,0,0,0,0,0,0.0,0,0,0,0,0.7583013587809546,BAIXO
19911818,-22.9721602,-49.872294,0,0,0,0,0,0,0,0,0,0,0.0,0,0,0,0,0.7554537997475563,BAIXO
19010020,-22.96634,-49.8866954,0,0,0,0,1,0,0,0,0,0,0.1,1,0,1,0,0.7503964628795075,BAIXO
19900400,-22.9618402,-49.8742612,0,0,0,0,0,0,0,0,0,0,0.0,0,0,0,0,0.7465615089049606,BAIXO
19913113,-22.9851966,-49.8533926,0,0,0,0,0,0,0,2,0,0,0.2,2,0,2,0,0.74458902666629,BAIXO
19915664,-22.9798115,-49.8742303,0,0,0,0,0,0,0,0,1,0,0.1,1,0,1,0,0.7429219255554926,BAIXO
19913119,-22.9848191,-49.8523722,0,0,0,0,0,0,0,0,0,1,0.1,1,0,1,1,0.7379705963376182,BAIXO
19912243,-22.979121366666668,-49.856270333333335,0,0,0,0,1,0,0,0,0,0,0.1,1,0,1,0,0.7313109534279647,BAIXO
19907206,-22.97304575,-49.8798693,0,0,0,0,1,0,0,0,0,0,0.1,1,0,1,0,0.7298512442694118,BAIXO
19906235,-22.98671923333333,-49.8813007,0,0,0,0,1,0,0,0,1,0,0.2,1,0,2,0,0.724644639242797,BAIXO
19906435,-22.9816818,-49.8789839,0,0,0,0,0,0,0,0,1,0,0.1,1,0,1,0,0.7211717249056164,BAIXO
19907265,-22.9770649,-49.8742297,0,0,0,0,1,0,0,0,0,0,0.1,1,0,1,0,0.7153481606928835,BAIXO
19906240,-22.98600445,-49.88249145,0,0,0,0,0,0,0,0,2,0,0.2,2,0,2,0,0.7142857243934486,BAIXO
19900190,-22.9847935,-49.867861000000005,0,0,0,0,0,0,0,1,1,0,0.2,1,0,2,0,0.7122289549861307,BAIXO
19911555,-22.9818913,-49.8542969,0,0,0,0,0,0,0,0,0,1,0.1,1,0,1,1,0.7017483847575932,BAIXO
19906270,-22.986277,-49.8858249,0,0,0,0,0,0,0,0,1,0,0.1,1,0,1,0,0.699064785473638,BAIXO
19900900,-22.97657505,-49.8815623,0,0,0,0,1,0,0,0,0,0,0.1,1,0,1,0,0.693051682425903,BAIXO
19912250,-22.9824967,-49.8577713,0,0,0,0,0,0,0,0,1,0,0.1,1,0,1,0,0.6844619423627591,BAIXO
19950030,-22.9777918,-49.868204,0,0,0,0,0,0,0,0,0,1,0.1,1,0,1,1,0.6840510968158924,BAIXO
19908255,-22.9777918,-49.868204,0,0,0,0,0,0,0,0,0,1,0.1,1,0,1,1,0.6840510968158924,BAIXO
19904738,-22.9777918,-49.868204,0,0,0,0,0,0,0,0,0,1,0.1,1,0,1,1,0.6840510968158924,BAIXO
19900010,-22.9777918,-49.868204,0,0,0,0,0,0,0,0,0,1,0.1,1,0,1,1,0.6840510968158924,BAIXO
19990150,-22.9777918,-49.868204,0,0,0,0,0,0,0,0,0,1,0.1,1,0,1,1,0.6840510968158924,BAIXO
19911165,-22.98230575,-49.8564722,0,0,0,0,1,0,0,0,0,0,0.1,1,0,1,0,0.6812384458444285,BAIXO
19906209,-22.9813088,-49.8662862,0,0,0,0,0,0,0,0,1,0,0.1,1,0,1,0,0.6776896792707703,BAIXO
19901620,-22.9800699,-49.8677454,0,0,0,0,1,0,0,0,0,1,0.2,1,0,2,1,0.6732524799135717,BAIXO
19990424,-23.0175342,-49.8826803,0,0,0,0,0,0,0,0,0,1,0.1,1,0,1,1,0.6686835441932999,BAIXO
19905258,-22.9909664,-49.8849516,0,0,0,0,0,0,0,0,1,0,0.1,1,0,1,0,0.6661665074980192,BAIXO
19915880,-22.9777918,-49.868204,0,0,0,0,0,0,0,0,0,0,0.0,0,0,0,0,0.6629890502936178,BAIXO
19908534,-22.9812503,-49.8893073,0,0,0,0,0,0,0,0,0,0,0.0,0,0,0,0,0.6598423197619923,BAIXO
19900420,-23.002735850000004,-49.87939289166667,0,0,0,0,0,0,0,1,0,2,0.3,2,0,3,2,0.6487687090748295,BAIXO
19901660,-22.988260766666667,-49.86351568333333,0,0,0,0,0,0,0,1,1,0,0.2,1,0,2,0,0.6429311240626703,BAIXO
19905447,-23.004680866666668,-49.88196808333333,0,0,0,0,0,0,0,3,0,0,0.3,3,0,3,0,0.6418157231519217,BAIXO
19905496,-22.980036,-49.8843738,0,0,0,0,0,0,0,0,0,1,0.1,1,0,1,1,0.6405910598741684,BAIXO
19900001,-22.99244175,-49.879010050000005,0,0,0,0,0,0,0,0,2,0,0.2,2,0,2,0,0.6399981890908748,BAIXO
19912111,-22.9786025,-49.8609718,0,0,0,0,1,0,0,0,0,0,0.1,1,0,1,0,0.6388661278597283,BAIXO
19902050,-22.990418700000003,-49.8605212,0,0,0,0,0,0,0,0,1,1,0.2,1,0,2,1,0.634696790641101,BAIXO
19906545,-22.9887603,-49.8920688,0,0,0,0,0,0,0,0,0,1,0.1,1,0,1,1,0.6163179695477083,BAIXO
19904025,-23.015431,-49.8816825,0,0,0,0,0,0,0,0,0,1,0.1,1,0,1,1,0.6141986563297905,BAIXO
19904190,-23.0106829,-49.8808302,0,0,0,0,0,0,0,1,0,0,0.1,1,0,1,0,0.6128977351318099,BAIXO
19907580,-22.9872934,-49.8911638,0,0,0,0,0,0,0,1,0,0,0.1,1,0,1,0,0.6099248512809936,BAIXO
19900120,-22.98298381111111,-49.868733622222216,0,0,0,0,0,0,0,1,0,1,0.2,1,0,2,1,0.6089110901357344,BAIXO
19910198,-23.0121769,-49.8818436,0,0,0,0,0,0,0,0,0,0,0.0,0,0,0,0,0.6062101899142363,BAIXO
19907060,-22.9806062,-49.8749426,0,0,0,0,0,0,0,0,0,1,0.1,1,0,1,1,0.603646180648866,BAIXO
19900533,-22.9976986,-49.8858291,0,0,0,0,0,0,0,0,1,0,0.1,1,0,1,0,0.5994936733377472,BAIXO
19907040,-22.9806799,-49.8748812,1,0,0,0,0,0,0,0,0,0,0.1,1,0,1,-1,0.5941921013854881,BAIXO
19906005,-22.9802619,-49.874204,0,0,0,0,0,0,0,0,0,1,0.1,1,0,1,1,0.5926718053506193,BAIXO
19904560,-23.0010507,-49.8716118,0,0,0,0,0,0,0,0,0,2,0.2,2,0,2,2,0.5901885801267781,BAIXO
19906220,-22.9878967,-49.8804076,0,0,0,0,0,0,0,0,1,0,0.1,1,0,1,0,0.5856391113238715,BAIXO
19902195,-23.009224,-49.8794419,0,0,0,0,0,0,0,0,0,1,0.1,1,0,1,1,0.5812463437459883,BAIXO
19905490,-23.0064664,-49.8856279,0,0,0,0,0,0,0,0,1,0,0.1,1,0,1,0,0.5707594815512493,BAIXO
19900130,-22.9829231,-49.8667693,0,0,0,0,0,0,0,0,1,0,0.1,1,0,1,0,0.5664135294045991,BAIXO
19905200,-22.9952017,-49.8825736,0,0,0,0,0,0,0,1,1,0,0.2,1,0,2,0,0.5642486175102022,BAIXO
19902820,-22.987712,-49.8600071,0,0,0,0,0,0,0,0,1,0,0.1,1,0,1,0,0.5562809555394779,BAIXO
19902510,-22.9978423,-49.8623472,0,0,0,0,0,0,0,1,1,0,0.2,1,0,2,0,0.5316319668618235,BAIXO
19901497,-22.9905049,-49.8730559,0,0,0,0,0,0,0,0,1,0,0.1,1,0,1,0,0.5295368711504125,BAIXO
19915390,-22.984144125,-49.869854065,0,0,0,0,0,0,0,0,1,0,0.1,1,0,1,0,0.5281279894243198,BAIXO
19912300,-22.9836298,-49.8584377,0,0,0,0,0,0,0,0,0,0,0.0,0,0,0,0,0.5140266295475158,BAIXO
19900021,-22.9824857,-49.8687229,0,0,0,0,1,0,0,0,0,0,0.1,1,0,1,0,0.5081993153271469,BAIXO
19906225,-22.9864446,-49.8823506,0,0,0,0,0,0,0,1,0,0,0.1,1,0,1,0,0.5071436104526583,BAIXO
19901710,-22.9909523,-49.877123000000005,0,0,0,0,1,0,0,1,0,0,0.2,1,0,2,0,0.4945626327225909,BAIXO
19902523,-22.9989424,-49.863222,0,0,0,0,0,0,0,0,1,1,0.2,1,0,2,1,0.4894441987107711,BAIXO
19901441,-22.9922783,-49.8629222,0,0,0,0,1,0,0,0,0,0,0.1,1,0,1,0,0.4865199092728289,BAIXO
19901266,-22.9922982,-49.8690444,0,0,0,0,1,0,0,0,0,0,0.1,1,0,1,0,0.4802721761352586,BAIXO
19905960,-22.998356,-49.8793817,0,0,0,0,0,0,0,0,1,0,0.1,1,0,1,0,0.4679951338666797,BAIXO
19905975,-22.9971763,-49.882652,0,0,0,0,0,0,0,0,1,0,0.1,1,0,1,0,0.4663037369073208,BAIXO
19905120,-22.9946504,-49.8781419,0,0,0,0,0,0,0,0,1,0,0.1,1,0,1,0,0.4658044344669179,BAIXO
19909140,-22.9946405,-49.8784322,0,0,0,0,0,0,0,0,1,0,0.1,1,0,1,0,0.4640446831808731,BAIXO
19900230,-22.9837511,-49.8642618,0,0,0,0,0,0,0,0,0,0,0.0,0,0,0,0,0.4634127046865615,BAIXO
19905110,-23.0029732,-49.8812534,0,0,0,0,0,0,0,0,1,0,0.1,1,0,1,0,0.4625474483518701,BAIXO
19990062,-22.986627,-49.8835832,0,0,0,0,0,0,0,0,0,1,0.1,1,0,1,1,0.4593542869597513,BAIXO
19901250,-22.992251,-49.8710868,0,0,0,0,1,0,0,0,0,0,0.1,1,0,1,0,0.4577357867947285,BAIXO
19905456,-23.0036838,-49.8829408,0,0,0,0,0,0,0,0,1,0,0.1,1,0,1,0,0.4555138552141216,BAIXO
19901040,-22.9898087,-49.8685696,0,0,0,0,0,0,0,1,0,0,0.1,1,0,1,0,0.4516983340272418,BAIXO
19902650,-22.99681123333333,-49.86441306666666,1,0,0,0,0,0,0,0,1,0,0.2,1,0,2,-1,0.450478082157133,BAIXO
19905010,-22.9909026,-49.8783985,0,0,0,0,1,0,0,0,0,0,0.1,1,0,1,0,0.4483504045392692,BAIXO
19902210,-22.9943615,-49.8629688,0,0,0,0,0,0,0,0,1,0,0.1,1,0,1,0,0.4467109302477183,BAIXO
19904420,-23.0029786,-49.8795191,0,0,0,0,0,0,0,0,1,0,0.1,1,0,1,0,0.4407318114872396,BAIXO
19901720,-22.9914835,-49.8749125,0,0,0,0,1,0,0,0,0,0,0.1,1,0,1,0,0.4341784221160196,BAIXO
19902482,-22.9917921,-49.8621675,0,0,0,0,0,0,0,0,0,1,0.1,1,0,1,1,0.4165184696448705,BAIXO
19905031,-22.9948955,-49.8849973,0,0,0,0,0,0,0,1,0,0,0.1,1,0,1,0,0.4151666959560316,BAIXO
19902447,-22.9952272,-49.8557302,0,0,0,0,0,0,0,1,0,0,0.1,1,0,1,0,0.4098003509407135,BAIXO
19905535,-22.9968365,-49.886374,0,0,0,0,0,0,0,0,0,1,0.1,1,0,1,1,0.405492933646201,BAIXO
19901232,-22.9968678,-49.8739694,0,0,0,0,0,0,0,0,1,0,0.1,1,0,1,0,0.4023940328315802,BAIXO
19904111,-23.0056673,-49.8861184,0,0,0,0,0,0,0,0,0,1,0.1,1,0,1,1,0.3918424284247521,BAIXO
19902630,-23.0001873,-49.8672383,0,0,0,0,0,0,0,0,1,0,0.1,1,0,1,0,0.3781449429643544,BAIXO
19905005,-22.99063035,-49.87736325,0,0,0,0,0,0,0,0,0,1,0.1,1,0,1,1,0.3736171012260456,BAIXO
19907722,-22.9945351,-49.863909,0,0,0,0,0,0,0,0,0,1,0.1,1,0,1,1,0.3401181421486399,BAIXO
19902540,-22.9969287,-49.8628476,0,0,0,0,0,0,0,1,0,0,0.1,1,0,1,0,0.3324633127322158,BAIXO
19915970,-22.9930897320042,-49.87218546002098,0,0,0,0,0,0,0,0,0,1,0.1,1,0,1,1,0.3109983221493166,BAIXO
19901150,-22.9963552,-49.8791043,0,0,0,0,0,0,0,1,0,0,0.1,1,0,1,0,0.2608859699148524,BAIXO
19905207,-23.0002888,-49.8799883,0,0,0,0,0,0,0,0,0,1,0.1,1,0,1,1,0.255730291076361,BAIXO
19905121,-22.9985471,-49.8807276,0,0,0,0,0,0,0,0,0,0,0.0,0,0,0,0,0.2445252820953101,BAIXO
